,Mixture,CD4+ Stressed,CD8+ GZMK+ Tm,CD4+ Activated,CD4+ Tregs,CD8+ Early Activation,NK cells CD56 high,CD4+ Th17,CD8+ Activated,CD8+ ISG,CD4+ Tn,CD8+ Exhausted,CD8+ Stressed,NK cells CD56 low,CD4+ T memory,CD4+ Tfh,DCs AREG+,M2 APOC1+ APOE+,Macro SELENOP+ SLC40A1+,Monocytes EREG+,M2 TREM2+ SPP1+,Mastocytes,DCs CD1c+,Inflammatory Monocytes,Immunoregulatroy PMNs,Proinflammatory PMNs,B Cells & Plasma Cells,P-value,Correlation,RMSE,timepoint,patient_id
1,SRC33_T1,0.044945313,0.020838716,0.127965177,0,0.014243364,0.068948655,0.046759467,0.171285659,0,0.012179807,0.05502291,0,0,0.02045299,0,0.09362409,0,0.062174084,0.0084861,0,0.018053002,0.032791223,0,0.132086943,0.018023761,0.05211874,0,0.266164642,0.966064021,pre_treatment,071-003
2,SRC33_T2,0.034224275,0.063286527,0.038732483,0,0.033266437,0.00221982,0.038713192,0.109843236,0.023228099,0.032051814,0.031446148,0.025071296,0.036921435,0.069167301,0,0,0.065193263,0.18229896,0.082089822,0,0.008993362,0,0,0.060917347,0.028531586,0.033803597,0,0.816182774,0.675714064,surgical_resection,071-003
3,SRC35_T1,0.016209865,0.011259737,0.13898153,0,0,0.062498762,0.050342879,0.157826212,0,0.036957381,0.05174451,0,0.012873585,0.044634986,0.000109378,0.079513813,0,0.070980005,0.036772584,0,0.017576116,0.038611409,0,0.125965613,0.020745488,0.026396148,0,0.282141562,0.961893023,pre_treatment,015-002
4,SRC36_T1,0.029860009,0.038604535,0.057383768,0.021116713,0.014819116,0.031716028,0.043362393,0.147953038,0.014786128,0.021068751,0.053752416,0,0.03320603,0.032308515,0.023237577,0.134072249,0,0.052041132,0,0,0.025364507,0,0,0.152263061,0,0.073084034,0,0.279664877,0.961104861,pre_treatment,091-006
5,SRC36_T2,0,0.082029365,0,0.021910595,0.017808936,0.00901607,0.054348951,0.026537143,0,0,0.051788372,0.013634637,0.04857201,0.129696468,0.023026511,0.088942998,0,0.042499314,0.167321981,0.016487741,0.06308504,0,0,0.093802026,0.021032793,0.02845905,0,0.618639845,0.785918338,surgical_resection,091-006
6,SRC37_T1,0.000766886,0.007000876,0,0.010494023,0.02242292,0.026639495,0.072192192,0.118987938,0,0.035290004,0.02412806,0.042386367,0.031796438,0.061068025,0.029468179,0.04599964,0,0.076523163,0.222460174,0,0.029095782,0,0,0.074414599,0.042334541,0.026530698,0,0.800805515,0.604961814,pre_treatment,092-008
7,SRC37_T2,0.00510276,0.03041143,0,0.021614688,0.015349209,0.012137154,0.051662914,0.055063928,0.047115049,0,0.054231943,0.032843287,0.035201618,0.120327209,0.035330374,0.081093375,0,0.093069953,0.086369728,0.073047728,0.051348861,0,0.016527945,0.044507556,0.012596153,0.025047138,0,0.641597424,0.7916536,surgical_resection,092-008
8,SRC38_T1,0.017810233,0.017995725,0.040323945,0,0.018262046,0.020648841,0.0485197,0.133176873,0,0.03796215,0.041505394,0.012943829,0.039136758,0.069415362,0.030130201,0.11206147,0,0.123686814,0.068318119,0,0.0436656,0,0.008904464,0.057114862,0.022198925,0.03621869,0,0.311683082,0.95751781,pre_treatment,022-012
9,SRC38_T2,0.00892125,0.044020696,0.071252956,0,0.023366329,0.030290317,0.058726772,0.068513817,0.055087092,0,0.046086324,0.009129701,0.009295145,0.085204814,0.058072597,0.04929476,0.083320224,0.142376394,0.00915651,0,0.039160115,0,0.024876551,0.012547544,0.038171108,0.033128985,0,0.382619706,0.924567339,surgical_resection,022-012
10,SRC40_T1,0.024914089,0.027574454,0.017560843,0,0.025849688,0.015522364,0.039488189,0.14030992,0.036888714,0.066892571,0.050846751,0,0.035893852,0.02750796,0,0.073335094,0,0.134056476,0.092829975,0.013425701,0.028033687,0,0,0.09020201,0.033933485,0.024934176,0,0.689788327,0.760182356,pre_treatment,071-009
11,SRC40_T2,0.021348169,0.015409225,0,0,0.030239008,0.004636965,0.031106787,0.054410709,0.01853181,0.044965617,0.044909158,0.038995158,0.031153823,0.111479132,0,0.050764884,0,0.16027107,0.173153602,0.011950483,0.027836615,0,0,0.066435719,0.051062919,0.011339148,0,0.667764751,0.746310727,surgical_resection,071-009
12,SRC43_T1,0.00273328,0.013789704,0.024202832,0.005964519,0.033744663,0.025415052,0.054195374,0.110094173,0.029365995,0.056351727,0.055173845,0,0.018320223,0.049528396,0.005901987,0.063615372,0,0.07122539,0.156340379,0.028947864,0.063104353,0,0,0.092436461,0.02538188,0.014166533,0,0.769839497,0.669845234,pre_treatment,001-014
13,SRC45_T1,0.010587213,0.015540662,0,0.027660315,0.0258312,0.014269844,0.040155382,0.093793672,0.035441025,0.076663906,0.062306946,0,0.036218676,0.060224405,0,0.104946603,0,0.078139162,0.11031104,0.017979244,0.038573354,0,0,0.093500483,0.030247585,0.027609285,0,0.606923952,0.805210784,pre_treatment,048-016
14,SRC45_T2,0.014782207,0.014162126,0,0.024197549,0.028271184,0,0.032845037,0.043016094,0.029656579,0.082672345,0.037918616,0.022836592,0.033304184,0.071928502,0,0.046040375,0,0.106915289,0.23148778,0.032992736,0.020809318,0,0,0.063620543,0.046309204,0.016233741,0,0.862340818,0.517135537,surgical_resection,048-016
15,SRC46_T1,0.013522684,0.014979174,0.00126647,0,0.031629871,0.006050486,0.040362936,0.071737087,0.036399095,0.094354466,0.041662351,0,0.02049198,0.05198958,0,0.01869024,0,0.161449624,0.160138368,0.049352847,0.047025498,0,0,0.087684539,0.041322883,0.00988982,0,0.733059402,0.692882516,pre_treatment,029-020
16,SRC48_T1,0.001052974,0.08072419,0.09265994,0,0.018327771,0.012954151,0.053728063,0.19859626,0,0.031178638,0.024228992,0.024895284,0.034223937,0.02518966,0.008671758,0.070942222,0,0.094912655,0.038128589,0,0.027150973,0.011642964,0.014823081,0.048108362,0.013615548,0.074243989,0,0.769846263,0.759845126,pre_treatment,029-021
17,SRC48_T2,0.015480743,0.113544421,0.016869834,0,0.009632298,0.015525867,0.056352253,0.069216923,0,0.014186918,0.035402314,0.023471541,0.03575743,0.095412874,0,0.045102483,0,0.181371948,0.125694206,0,0.040361357,0,0.015137126,0.037938338,0.019952239,0.033588887,0,0.816232669,0.642067722,surgical_resection,029-021
18,SRC49_T1,0.005524275,0.018636323,0.016338275,0,0.0201807,0.011126636,0.050852648,0.123332762,0.025948893,0.041404674,0.066595808,0.00797397,0.037984685,0.044177251,0.037391479,0.091733651,0,0.125915712,0.114194611,0,0.047064006,0,0,0.046152346,0.034099066,0.033372226,0,0.262065915,0.995146075,pre_treatment,048-022
19,SRC49_T2,0.035072328,0.055950933,0.063574578,0,0.022642218,0.006384236,0.041676563,0.183396935,0.045230952,0.041475538,0.040330043,0.018329167,0.05576655,0.01709703,0,0.025124911,0,0.157153851,0.018502052,0,0.009909262,0.026780643,0,0.067686351,0.027353852,0.040562006,0,0.45733801,0.895856377,surgical_resection,048-022
20,SRC52_T1,0.018221929,0.073837786,0.031036407,0,0.029142056,0.025270641,0.038355037,0.132373358,0.017346612,0.054753672,0.03982629,0,0.032647598,0.033624828,0,0.047301924,0,0.11792006,0.151993247,0,0.022984253,0,0,0.066723057,0.037382188,0.029259056,0,0.780882797,0.66294104,pre_treatment,001-023
21,SRC52_T2,0.014832453,0.015918745,0.014572999,0,0.022696117,0.004643478,0.048885234,0.062819477,0.001179387,0.043611013,0.030525433,0.040325021,0.033515117,0.084415927,0,0.013583728,0.053771043,0.152865038,0.211392228,0,0.032050033,0,0,0.055396881,0.038801182,0.024199465,0,0.722009134,0.693309537,surgical_resection,001-023
22,SRC54_T1,0.002554796,0.009500604,0.017713713,0,0.032806251,0.018229782,0.046250101,0.106622447,0.046664044,0.066281395,0.045138599,0,0.035003347,0.011181575,0.015326371,0.100794493,0,0.108829193,0.041183012,0.096569437,0.066923271,0,0.013411947,0.088824596,0.010612057,0.019578969,0,0.701289415,0.76507792,pre_treatment,803-029
23,SRC54_T2,0.019303879,0.006454515,0.035417956,0,0.023371865,0.017861712,0.044703212,0.066055693,0,0.042421891,0.030986209,0.028956546,0.033138244,0.117532215,0,0.045566947,0,0.131526621,0.186072811,0,0.035271253,0,0,0.066677091,0.04072434,0.027956999,0,0.27480865,1.030709866,surgical_resection,803-029
24,SRC55_T1,0.011830954,0.022915512,0.023073826,0,0.014262621,0.012024263,0.063820711,0.154162146,0.042543434,0.022663426,0.051985027,0,0.03485277,0.065181199,0.066065797,0.119760653,0,0.096196562,0.01425979,0,0.05233226,0,0,0.067650219,0.013584375,0.050834455,0,0.613405183,0.841503425,pre_treatment,005-027
25,SRC55_T2,0.011241396,0.053963235,0,0.006169692,0.023251837,0.003582506,0.044386403,0.053494845,0.042819823,0.027912074,0.035562294,0.039388169,0.015209114,0.093592594,0.029490896,0.085490883,0,0.148278078,0.112243738,0.032983492,0.036202056,0,0.0120286,0.038554035,0.034123686,0.020030554,0,0.797704456,0.665770728,surgical_resection,005-027
26,SRC58_T1,0.004712325,0.008453302,0,0.007621647,0.019856757,0.016527872,0.0513452,0.10254048,0.051542488,0.039969848,0.078484508,0.058677606,0.037956296,0.04288791,0.03825313,0.108580521,0,0.057577084,0.108182813,4.10E-05,0.038161544,0,0,0.070628527,0.023857948,0.034141207,0,0.39637929,0.92047169,pre_treatment,022-032
27,SRC60_T1,0.00368151,0.01615799,0,0.029287492,0.017662581,0.001364522,0.054673639,0.085148946,0.054830736,0,0.08064598,0,0.040259023,0.104446387,0.121820788,0.10998911,0,0.021590076,0.000966422,0.061222884,0.048794716,0,0,0.101725414,0.014466549,0.031265235,0,0.423863169,0.918102449,pre_treatment,071-034
28,SRC60_T2,0.011234125,0,0,0.019297429,0.009466362,0.014355527,0.064738481,0.057332172,0.063470284,0,0.087334445,0.016353114,0.021101732,0.120866571,0.095219781,0.095247062,0,0.06728353,0.044304497,0.025406924,0.055310834,0,0,0.068778822,0.026917396,0.035980909,0,0.502072995,0.883649303,surgical_resection,071-034
29,SRC62_T2,0.021432782,0.086441896,0,0,0.019210201,0.018095771,0.037618261,0.082883511,0,0.033959622,0.024754154,0.068801442,0.026667583,0.066435467,0,0,0.052461259,0.122718539,0.212085612,0,0.010740226,0,0.025414056,0.01321166,0.050188037,0.026879922,0,0.932320752,0.432135009,surgical_resection,001-038
30,SRC64_T1,0.004838308,0.053227852,0.030939033,0,0.025633827,0.004456128,0.046811975,0.089101944,0.010653988,0.00621032,0.035020631,0.029001104,0.024275949,0.06076616,0.032871991,0.036631622,0.013321416,0.100725596,0.209534882,0.003608374,0.054458788,0,0,0.073675764,0.031437945,0.022796402,0,0.452174819,0.924832048,pre_treatment,092-037
31,SRC64_T2,0.021431807,0.092307045,0,0.001078589,0.028484451,0.014105544,0.027672902,0.040671613,0.024902974,0.088936651,0.039604152,0,0.031184938,0.06999602,0,0.012660666,0,0.283476994,0.055386453,0.027783461,0.015324357,0,0.081048757,0.004066297,0.02217852,0.017697811,0,0.794650222,0.66267087,surgical_resection,092-037
32,SRC65_T1,0.016370172,0.02978202,0.010364325,0,0.008831132,0.020349363,0.056741719,0.090301797,0.050601096,0.058628377,0.079205855,0.014518863,0.037938221,0.060114194,0.028069124,0.080965846,0.011302781,0.128623754,0.083211053,0,0.033029297,0,0.022614428,0.028656068,0.01954666,0.030233855,0,0.659630037,0.787106995,pre_treatment,001-041
33,SRC65_T2,0.022412193,0.045774719,0.054245886,0,0.008364633,0.028183717,0.07151717,0.073129557,0.047274142,0.090538481,0.065325509,0,0.00941246,0.037749545,0,0.038247059,0,0.237707936,0.086593867,0,0.020507534,0,0.025590672,0.002328162,0.021194291,0.013902468,0,0.760137417,0.701656449,surgical_resection,001-041
34,SRC66_T1,0.008299215,0.039239931,0.009172689,0.001539301,0.025686318,0.012725688,0.053264644,0.131087353,0.03565336,0.05314767,0.056335843,0.017363504,0.031821137,0.041057059,0.03080759,0.106047723,0,0.122261561,0.050960829,0.003477198,0.040877497,0,0,0.065617754,0.02304455,0.040511585,0,0.576409421,0.840698879,pre_treatment,022-044
35,SRC68_T2,0.020379167,0.015350388,0,0.01974774,0.031383363,0.008848327,0.048251396,0.074221337,0.02984896,0.059742009,0.036035126,0,0.049936144,0.068417144,0,0.072405464,0,0.10867304,0.144994449,0.022765951,0.057076838,0,0,0.079044857,0.028773844,0.024104454,0,0.477372128,0.883070528,surgical_resection,004-045
36,SRC75_T1,0.015548249,0.037703158,0.030073683,0,0.019365773,0.040937078,0.075025817,0.092980151,0.032371049,0.032594194,0.058370263,0.068043073,0.006908035,0.069703567,0.009904567,0.03098558,0.033167734,0.122312433,0.063608326,0.013025821,0.023082055,0.007392812,0.021492185,0.05198627,0.018899657,0.02451847,0,0.606939401,0.82683667,pre_treatment,022-059
37,SRC78_T1,0,0.010579919,0.013334226,0,0.024223671,0.017522252,0.061673943,0.091945119,0.060078987,0.011619591,0.069524239,0.047283546,0.00889672,0.071630705,0.070946711,0.077075143,0,0.16978823,0.028319651,0,0.051570742,0.006777472,0,0.051096527,0.021145135,0.034967471,0,0.451925842,0.896953622,pre_treatment,001-067
38,SRC78_T2,0.016496691,0.02410391,0.02621573,0,0.030319377,0.006722506,0.051460153,0.075907826,0.055253408,0.025281534,0.049424281,0.013143041,0.033449412,0.054540249,0.066903351,0.066279115,0,0.239672095,0.001570587,0.023851362,0.05110397,0,0.009079556,0.017718757,0.030948343,0.030554746,0,0.577851522,0.82992757,surgical_resection,001-067
39,SRC80_T1,0.012946742,0.128082918,0.012990795,0,0.01860038,0.001458324,0.04261818,0.111811644,0.00396384,0,0.043030187,0.022632899,0.045473589,0.077501658,0.026221096,0.058040822,0.100386025,0.117243127,0.003571385,0,0.033519284,0,0.062143949,0.001460376,0.026603066,0.049699716,0,0.674751542,0.799018113,pre_treatment,001-066
40,SRC39_T2,0.010895277,0.014531674,0,0.002468481,0.028150734,0.005544896,0.026259379,0.092438449,0.007162046,0.03606787,0.060908899,0.013880969,0.034410218,0.09119204,0.060403637,0.130215102,0,0.174865879,0,0.047710611,0.030528307,0,0.035963511,0.068734689,0.013058853,0.01460848,0,0.646413532,0.797967413,surgical_resection,091-010
41,SRC41_T2,0.002243946,0.025077182,0.027393102,0.032600224,0.005159444,0.007133091,0.080838783,0.04524518,0.00882159,0,0.054400165,0.066050018,0.053010374,0.128247006,0,0.095594632,0.017023267,0.059515823,0.120405687,0,0.056761151,0,0,0.06581793,0.016168131,0.032493273,0,0.551040404,0.837043745,surgical_resection,005-007
42,SRC44_T2,0.00227222,0.017241233,0.036303476,0,0.02256998,0.016931895,0.042339205,0.057454842,0.029469864,0.051462934,0.066717661,0.032139608,0.017320745,0.071312539,0.00534387,0.063501558,0.023544269,0.034558674,0.218287598,0.034465736,0.030751223,0,0,0.06643971,0.036767374,0.022803786,0,0.743445523,0.669426142,surgical_resection,001-017
43,SRC46_T2,0.023532336,0.017014473,0.033874607,0,0.028352757,0.011270514,0.034660834,0.087146155,0,0.034447933,0.032830378,0.020043131,0.025043002,0.066050394,0,0.010272899,0,0.237109984,0.194904273,0.001635909,0.0178385,0,0,0.069863321,0.038027387,0.016081212,0,0.777935074,0.635050134,surgical_resection,029-020
44,SRC47_T2,0.020232702,0.001861232,0.115078313,0,0.025761117,0.049284144,0.015123412,0.190428611,0.008903568,0.105585719,0.060658522,0,0.021125736,0,0,0.131018012,0,0.02935833,0,0,0.028336354,0,0,0.150897048,0.003434978,0.042912203,0,0.237542488,0.974328788,surgical_resection,005-015
45,SRC50_T1,0.010899178,0.011980724,0.037961038,0,0.009251016,0.053263685,0.056760577,0.169392245,0,0.031108485,0.030388898,0,0.04540213,0.037350382,0.056414721,0.097742745,0,0.082728765,0.020397754,0,0.027801322,0.020724057,0,0.153624725,0.011892362,0.034915193,0,0.304381616,0.954668959,pre_treatment,022-026
46,SRC51_T1,0.001872164,0,0.012514476,0.017081461,0.026338222,0,0.042596837,0.124686287,0.038070364,0.096274053,0.065776198,0.027167006,0.031518621,0.019462416,0.020597127,0.099870558,0,0.029752636,0.147385145,0.022356691,0.04857037,0,0,0.082297395,0.024656438,0.021155536,0,0.600760029,0.80098769,pre_treatment,022-025
47,SRC53_T2,0.021667094,0.015945628,0.149473174,0,0,0.073574393,0.060869698,0.168239899,0,0.030708525,0.03947242,0,0.013587902,0,0,0.129735384,0,0.044092333,0,0.000553435,0.008864041,0.006685673,0,0.185233757,0.009941013,0.041355633,0.002,0.207561991,0.98517022,surgical_resection,091-018
48,SRC56_T1,0.014208636,0.060361668,0.008337305,0,0.032048175,0.00449259,0.031880595,0.094193567,0.008592242,0.073808703,0.030856326,0.034174519,0.024357325,0.014809573,0,0,0.032208643,0.16122664,0.211593097,0.011951597,0.0150567,0,0,0.071996176,0.050534936,0.013310985,0,0.8749824,0.51210897,pre_treatment,015-028
49,SRC57_T2,0.014917863,0.015136472,0,0.002816991,0.017469112,0.00710452,0.043660901,0.064158686,0.065999041,0.067544172,0.051916859,0.006722505,0.045517458,0.041141547,0.061040806,0.077303766,0,0.186622842,0.09504736,0.011673009,0.024340508,0,0.0226802,0.007072343,0.044227942,0.025885101,0,0.757421693,0.706305766,surgical_resection,001-030
50,SRC58_T2,0.024197109,0.035764334,0,0.003251529,0.035784144,0.001191181,0.032674003,0.053237073,0.022103119,0.057605456,0.028711839,0.018670694,0.028892156,0.092469234,0,0.028012856,0,0.092201193,0.240354304,0.041342491,0.020324357,0,0,0.100309004,0.031253051,0.011650873,0,0.890726969,0.470545187,surgical_resection,022-032
51,SRC59_T1,0.002172837,0,0,0.024296165,0.024722667,0.006562267,0.043824541,0.076622735,0.088140976,0.040817572,0.070189798,0.004913786,0.053212402,0.073036455,0.116965739,0.146198049,0,0.04695873,0.020569497,0.009257915,0.039393801,0,0,0.066105675,0.019800523,0.026237868,0,0.449489138,0.908485567,pre_treatment,029-033
52,SRC59_T2,0,0,0.048825238,0,0.019989374,0.044801808,0.051033981,0.151680455,0.018991245,0.088776566,0.043578294,0,0.054267665,0.031441512,0,0.109809438,0,0.046123228,0.001835501,0,0.028261463,0.048501789,0,0.159860209,0,0.052222237,0,0.225655144,0.977747123,surgical_resection,029-033
53,SRC63_T1,0,0.007887939,0.019844846,0.002494212,0.030050028,0.019481983,0.048098631,0.072896711,0.058721039,0.036983015,0.073713504,0.024295601,0.02341543,0.067282421,0.041729151,0.063241348,0,0.08540412,0.132781551,0.02293459,0.033438466,0,0,0.079973487,0.03318919,0.022142737,0,0.51193059,0.859279854,pre_treatment,004-040
54,SRC67_T1,0.005530301,0.037208209,0,0.018277826,0.010893421,0,0.055956037,0.079857652,0.052624093,0,0.085176769,0,0.051191814,0.108449965,0.03599226,0.124039803,0,0.139147455,0.013495123,0.011754156,0.065943066,0,0,0.062686322,0.007129501,0.034646226,0,0.603974673,0.836172488,pre_treatment,022-046
55,SRC72_T2,0.00531696,0.069377584,0,0.023220911,0.029510403,0.004422422,0.044024735,0.044765283,0.021043909,0,0.068566923,0.000559146,0.032393083,0.126954916,0.030527593,0.120754045,0,0.126958613,0.079730268,0.021476506,0.04901161,0,0.029767976,0.051866736,0.010256293,0.009494086,0,0.647358032,0.785852382,surgical_resection,091-055
56,SRC73_T1,0.018771256,0,0,0.03899016,0.021135599,0.026744294,0.045252066,0.071991544,0.050473761,0.033795165,0.073457287,0,0.031493787,0.098773874,0.025821757,0.087394795,0,0.052193928,0.065880151,0.055556786,0.058286081,0,0,0.094379299,0.01298215,0.036626259,0,0.531939727,0.861675554,pre_treatment,092-049
57,SRC74_T1,0.005966562,0.043966304,0,0.002469133,0.018688869,0.012431004,0.049233505,0.061045761,0.020677025,0.037713562,0.074494965,0,0.042811131,0.112913063,0.033668927,0.059171395,0,0.125579935,0.13487629,0.028617948,0.033021095,0,0,0.045828257,0.026492017,0.030333252,0,0.837568192,0.626921824,pre_treatment,004-058
58,SRC79_T1,0.008564838,0.00969215,0.002004599,0,0.027016683,0.01436404,0.054372333,0.071369016,0.014712606,0.068726918,0.043289366,0.025684501,0.025342464,0.072211399,0,0.052992412,0.003629535,0.060479073,0.242974995,0.009788023,0.06879295,0,0,0.080908898,0.025112909,0.017970291,0,0.769081888,0.639595059,pre_treatment,071-073
59,SRC80_T2,0,0.013744912,0.088237091,0,0,0.085772489,0.066009618,0.152285912,0.059613348,0.085229273,0.028842023,0,0.001368776,0,0.015204261,0.118100333,0,0.079284412,0,0,0.027835299,0.004036767,0,0.081708331,0.060404655,0.032322501,0,0.223719007,0.977685509,surgical_resection,001-066
60,SRC81_T2,0.037637352,0.030295577,0.027056976,0,0.03035818,0.012464097,0.032706207,0.052893418,0,0.094440407,0.034617105,0.036607208,0.013395628,0.074575382,0,0,0,0.224983193,0.171166982,0,0.013913618,0,0.011632362,0.025979747,0.062128943,0.013147619,0,0.87369156,0.542714458,surgical_resection,803-069
61,SRC82_T1,0.010929126,0.021195929,0,0.012134888,0.027587826,0,0.045309353,0.059220241,0.017964587,0.082370336,0.036723003,0.030599396,0.057421796,0.070211439,0,0.065876653,0,0.14334739,0.095098373,0.045260256,0.058814813,0,0,0.061690185,0.031275439,0.026968973,0,0.567481045,0.829446463,pre_treatment,001-074
62,SRC82_T2,0.022769539,0.008593007,0.01292812,0,0.035234407,0.004684907,0.038166721,0.0617891,0.001725819,0.060548004,0.00374036,0.053193258,0.035743629,0.058957253,0,0.015597493,0.01260635,0.144440457,0.232681611,0.041461863,0.022201471,0,0.031240198,0.052525424,0.03862432,0.010546688,0,0.909545263,0.437584703,surgical_resection,001-074
63,SRC83_T2,0.005561789,0.01595214,0.077952413,0,0.018723,0.035547176,0.027556473,0.096956504,0.028531031,0.057972031,0.085222514,0,0.039504934,0.03353312,0,0.061342533,0,0,0.004426028,0.061847024,0.024363319,0.002340539,0,0.271414406,0,0.051253026,0,0.280138471,0.960955387,surgical_resection,803-072
64,SRC84_T1,0.016644079,0.012871696,0.015981583,0,0.023609355,0.017682818,0.039128038,0.083876625,0.021182903,0.042027184,0.035162176,0.043433789,0.025332843,0.073020334,0.028349124,0.024491378,0.005915213,0.129892826,0.179319807,0.040387497,0.035051259,0,0.020103488,0.022930808,0.040659366,0.022945812,0,0.249322143,1.041133476,pre_treatment,001-076
65,SRC39_T1,0.005807815,0.023059268,0.05198857,0,0.013354452,0.004714418,0.051044064,0.080470971,0.050958033,0.064849595,0.095514926,0,0.056624893,0.046489398,0.022647661,0.108542938,0,0.14417858,0,0.032903337,0.056596588,0,0.01590017,0.042881402,0.005476654,0.025996266,0,0.567766654,0.853186187,pre_treatment,091-010
66,SRC41_T1,0.029035037,0.009231888,0.019691703,0.032718955,0.012613167,0.012560357,0.036988914,0.119923239,0.036628019,0.030257661,0.07239031,0.016596916,0.030771141,0.051795171,0.07354815,0.105047942,0,0.083193462,0.023845393,0.001352167,0.050687838,0.014999469,0,0.085861406,0.012163297,0.038098399,0,0.291512495,0.957031081,pre_treatment,005-007
67,SRC53_T1,0.007517937,0,0.002463424,0.023385958,0.019443911,0.020003507,0.06289792,0.029333135,0.033582843,0,0.081070054,0,0.063913798,0.144638709,0,0.10816879,0,0.086629997,0.136396023,0.002401826,0.040664712,0,0,0.072629965,0.02848676,0.036370731,0,0.710271076,0.724468329,pre_treatment,091-018
68,SRC62_T1,0.022403711,0.072722672,0.022865905,0,0.034014095,0.013276963,0.054594542,0.115765164,0.011010974,0.045827463,0.053018607,0.017673333,0.036063893,0.066499573,0,0.07230851,0,0.148144212,0.05077869,0,0.03630515,0.009024017,0,0.03533725,0.045697673,0.036667603,0,0.691691168,0.786407849,pre_treatment,001-038
69,SRC68_T1,0.013156921,0,0.017888618,0.004145248,0.037368683,0.0125194,0.047455698,0.073668901,0.044915649,0.035213781,0.036849852,0,0.050919504,0.067093896,0,0.08283164,0,0.082653086,0.127414434,0.027265417,0.104854373,0,0,0.067411083,0.036029694,0.030344124,0,0.456370511,0.892216169,pre_treatment,004-045
70,SRC81_T1,0.010750375,0.035772532,0.022395141,0,0.020082708,0.028853689,0.04406805,0.139757342,0,0.053924933,0.027783562,0.024566356,0.088439496,0.057920454,0,0.047000536,0.002060015,0.052264627,0.018535636,0,0.024067424,0.050926479,0.049418048,0,0.177672462,0.023740135,0,0.614694654,0.842314237,pre_treatment,803-069
71,SRC35_T2,0.012454916,0.026852891,0.010623731,0.009372323,0.019302218,0.000472039,0.057314194,0.092705581,0.001500757,0.051601598,0.052816654,0.019799803,0.040831516,0.08573875,0,0.088812678,0,0.147543769,0.106771751,0,0.065328284,0,0,0.053186963,0.026938905,0.03003068,0,0.281020324,0.985167677,surgical_resection,015-002
72,SRC43_T2,0.054967132,0.019907227,0.076656997,0.003069677,0,0.0503519,0.048115252,0.13883044,0.02158629,0.106579311,0.049576979,0,0.035580369,0,0,0.102622642,0,0.016473444,0.022315659,0.01623757,0.031575711,0,0,0.156216505,0,0.049336895,0.002,0.212649739,0.980089186,surgical_resection,001-014
73,SRC34_T1,0.020863019,0.021594309,0.025746624,0.001865827,0.037937834,0.01404492,0.016692743,0.06336629,0.01223272,0.088775645,0.017706858,0.006566932,0.026265735,0.06348644,0,0,0,0.147411001,0.201952951,0.106838794,0.011408215,0,0,0.073271303,0.033894331,0.008077509,0,0.897759681,0.477290279,pre_treatment,001-004
74,SRC42_T1,0.013876394,0.011382208,0.09704493,0,0.015992001,0.017164163,0.032096017,0.145392688,0.021713081,0.025948771,0.042718505,0.004933769,0.060660475,0.045404165,0.00379308,0.043346709,0,0.143447802,0.036190431,0.020366997,0.036971191,0.015687745,0.052791434,0,0.08814123,0.024936215,0,0.338715427,0.943145231,pre_treatment,005-013
75,SRC47_T1,0,0,0.045876085,0.015442178,0.037072454,0.032115398,0.035290669,0.092834659,0.040603427,0.088157648,0.046702508,0,0,0.015302014,0,0.074942923,0,0.069191551,0.215288128,0,0.06141676,0,0,0.070624602,0.036245244,0.022893751,0,0.694542979,0.720156708,pre_treatment,005-015
76,SRC57_T1,0.02360476,0.014044206,0.084839385,0,0.012902644,0.027168093,0.024343602,0.090902522,0,0.088805142,0.003803978,0.035417257,0,0,0,0.011084183,0,0.056769403,0.357242817,0,0.004481148,0,0,0.070721961,0.018964128,0.074904774,0.002,0.20604145,1.299300122,pre_treatment,001-030
77,SRC72_T1,0.000546433,0.182262763,0,0.032602008,0.014884451,0.001758241,0.021244142,0.075716724,0,0,0.0729327,0,0.025887787,0.115297568,0.119293796,0.107978815,0,0.021505927,0.032224082,0.03067571,0.052597574,0,0,0.064443837,0.005133122,0.02301432,0,0.606190866,0.845322382,pre_treatment,091-055
78,SRC73_T2,0.018609044,0,0.001709061,0.034539055,0.025801943,0,0.054412434,0.045731625,0.073612725,0.00126294,0.089255459,0,0.054344982,0.101722817,0.040066158,0.130476888,0,0.048183058,0.027016027,0.089184772,0.045726824,0,0,0.067934347,0.021857358,0.028552485,0,0.32157072,0.947120727,surgical_resection,092-049
79,SRC217_T1,0.014846019,0.030523411,0.038606589,7.82E-05,0.012768051,0.029820585,0.04785073,0.151071645,0.014646014,0.038019202,0.070012425,0,0.03071711,0.02985655,0.032511611,0.086701917,0,0.183705546,0.018463087,0,0.041931587,0.001416528,0.000489265,0.0770949,0.010096466,0.038772543,0,0.695310692,0.780183649,pre_treatment,002-083
80,SRC217_T2,0.020396025,0.034245527,0.051847984,0,0.026806933,0.011246955,0.031108941,0.083545231,0.007024943,0.084760115,0.028728014,0.031118372,0.029804514,0.055027577,0,0.022911804,0,0.170856156,0.078812806,0.084685556,0.015709568,0,0.022705227,0.062909656,0.025295876,0.020452223,0,0.857922639,0.635300331,surgical_resection,002-083
81,SRC219_T1,0.012166153,0.032338233,0,0.006663484,0.020763414,0.014769376,0.053550947,0.052992239,0.000647317,0.035960881,0.051151968,0.017918504,0.033727196,0.124752587,0,0.081091655,0.006679372,0.152138036,0.128166263,0,0.061350532,0,0.022042823,0.024950309,0.032664904,0.033513806,0,0.714369174,0.72080356,pre_treatment,001-089
82,SRC219_T2,0.025571816,0.031771048,0.050099468,0,0.024178729,0.013059313,0.024097691,0.120555583,0.055743465,0.070428474,0.047178363,0,0.024444778,0,0,0,0.020846486,0.30557465,0.001031422,0.063652622,0.000293204,0,0.066695377,0.013071362,0.030094264,0.011611888,0,0.833036458,0.610828077,surgical_resection,001-089
83,SRC220_T1,0.004552544,0.025830241,0,0.003249298,0.025975471,0.032346206,0.060337412,0.047605996,0.002563822,0.064890401,0.043711761,0.026463741,0.016933408,0.106713668,0,0.028676738,0,0.120679718,0.218025968,0.002214038,0.028617675,0,0,0.089964467,0.025224918,0.025422509,0,0.877615301,0.508311245,pre_treatment,016-095
84,SRC221_T1,0.011862095,0.018171267,0.015832231,0,0.021309758,0.009819465,0.049507797,0.071194668,0.031743306,0.112208289,0.047682582,0.013594213,0.01365347,0.044337396,0,0.058011334,0.01857929,0.084171333,0.229112452,0,0.036594779,0,0,0.063298789,0.031992328,0.017323158,0,0.875384759,0.5001007,pre_treatment,004-090
85,SRC222_T1,0.004984402,0,0.015397792,0.008807606,0.033844333,0.003776108,0.050678387,0.071787757,0.028776686,0.114166301,0.047468414,0.026069935,0.020861266,0.046515322,0,0.073504289,0.002624676,0.016025568,0.202279605,0.032457377,0.082417473,0,0,0.078251543,0.022238276,0.017066883,0,0.728454768,0.687111688,pre_treatment,029-099
86,SRC223_T1,0,0.023282035,0.058028429,0.024082118,0,0.007023353,0.069931749,0.074465239,0.081181057,0,0.105716238,0,0.037733336,0.095841723,0.031442733,0.158852499,0,0.0526785,0,0,0.077991762,0,0.041803905,0.023953635,0,0.03599169,0,0.576183938,0.866382277,pre_treatment,001-101
87,SRC223_T2,0.014027668,0.078156862,0.047362983,0.000541107,0.01617364,0.003553454,0.063833619,0.078601753,0,0.0080503,0.0572361,0,0.037740959,0.079697589,0,0.058193439,0,0.217789467,0.098179275,0,0.0466061,0,0.006120595,0.034888187,0.026136053,0.02711085,0,0.745575855,0.7060048,surgical_resection,001-101
88,SRC244_T1,0.001635665,0.015612477,0,0,0.031824433,0,0.049851397,0.094433803,0.013196554,0.09201264,0.039169896,0.024458967,0.036711793,0.073066072,0,0.047710044,0,0.125174936,0.187703815,0,0.034897984,0,0,0.069090433,0.038064906,0.025384184,0,0.319683751,1.004170946,pre_treatment,022-105
89,SRC244_T2,0.016361731,0.108022605,0.026056685,0,0.024598177,0.00939112,0.034702018,0.078304634,0,0.047541846,0.017151873,0.014954003,0.027169722,0.074289912,0,0.025060895,0.001313861,0.166978184,0.184537835,0,0.031918749,0,0,0.044056401,0.039845369,0.027744377,0,0.886369604,0.520768705,surgical_resection,022-105
90,SRC245_T2,0.033051396,0.041931513,0.024071436,0,0.02493417,0.016437822,0.029708052,0.081283638,0,0.04747565,0.022940264,0.021978392,0.035306417,0.076256181,0,0,0.002877637,0.229447079,0.165092375,0.010553231,0.013349934,0,0.018394135,0.04086076,0.0433475,0.020702418,0,0.914246338,0.491050448,surgical_resection,016-104
91,SRC246_T1,2.58E-05,0.017880077,0.028925822,0.005753461,0.011873202,0.027586299,0.089063629,0.064105423,0.046535621,0,0.077724595,0,0.049168784,0.125304755,0,0.120903522,0.005075499,0.034523563,0.090974056,0.018424628,0.04476878,0,0,0.090963425,0.018431245,0.03198779,0,0.656662833,0.788090594,pre_treatment,004-110
92,SRC247_T1,0.018800634,0.007141599,0.046023765,0,0.005923436,0.041763414,0.062289002,0.156645102,0,0,0.043566966,0,0.043129012,0.066837932,0.007838874,0.127854611,0,0.10041782,0.041987774,0,0.059333882,0,0,0.098953716,0.02362476,0.047867702,0,0.368250376,0.93179266,pre_treatment,016-114
93,SRC248_T1,0.012663766,0.005269774,0.008726938,0,0.025312174,0.023723232,0.041614721,0.067111599,0.021665361,0.060565579,0.071632795,0.01154766,0.020840708,0.125729926,0,0.07620139,0,0.09775274,0.13454038,0.002323003,0.047336093,0,0,0.087530782,0.033748204,0.024163175,0,0.782998638,0.674751334,pre_treatment,005-109
94,SRC248_T2,0.020982433,0.079581178,0,0,0.023621287,0.015291145,0.037174183,0.044030397,0,0.044414994,0.041171402,0,0.029724612,0.103667119,0,0.019613041,0,0.202463588,0.213002075,0,0.023980561,0,0,0.037566063,0.04973125,0.013984672,0,0.916130753,0.441738621,surgical_resection,005-109
95,SRC250_T2,0.008518503,0.028158735,0.013424825,0,0.026610255,0.019260485,0.045887778,0.099123174,0,0.05347525,0.026850437,0.021310596,0.019669384,0.056568779,0,0.051501726,0,0.119382644,0.175650073,0.059528084,0.037030311,0,0.014727385,0.063675509,0.023787945,0.035858123,0,0.416012345,0.939782777,surgical_resection,051-092
96,SRC253_T2,0.006491555,0.017922313,0,0.0119555,0.022228975,0.003036168,0.043670577,0.06632046,0.036552245,0.089154582,0.055201147,0.032151661,0.024059754,0.049548023,0,0.092129604,0,0.082911643,0.186566652,0.007513212,0.038812566,0,0,0.081458623,0.027654454,0.024660285,0,0.621017556,0.784896073,surgical_resection,802-079
97,SRC254_T2,0.021900832,0.019373973,0.035104151,0,0.025093386,0.006783596,0.023888202,0.097758445,0,0.038002648,0.021119004,0.01174422,0.029244725,0.062240691,0,0,0,0.277795426,0.217112675,0,0.015466249,0,0,0.051990117,0.026125642,0.019256019,0,0.861352477,0.518023511,surgical_resection,802-070
98,SRC255_T1,0.012676439,0.004533629,0.001428285,0,0.035672738,0.002226582,0.040213049,0.059491194,0.040118692,0.07358241,0.056109528,0,0.027846116,0.058203729,0,0.030847403,0,0.115813269,0.211820884,0.077152593,0.024927057,0,0,0.082459094,0.034970422,0.009906888,0,0.845568384,0.548589215,pre_treatment,802-096
99,SRC256_T1,0.007517333,0.05910616,0.038409472,0.019280666,0.00038256,0.008269657,0.071719449,0.150996275,0.023488242,0.02336005,0.069487603,0,0.059313366,0,0.039422661,0.12218887,0,0.149265257,0.015844472,0,0.037367509,0,0,0.049027786,0.017012226,0.038540388,0,0.673215709,0.800719271,pre_treatment,802-056
100,SRC256_T2,0.014986353,0.061989916,0.015816318,0,0.017349319,0.007416735,0.054531007,0.109522091,0,0.017571368,0.05973269,0,0.045266509,0.068797785,0.016141404,0.044858815,0,0.288765375,0.042920599,0,0.033960789,0,0.030574317,0.007453994,0.041975633,0.020368983,0,0.792912107,0.67274782,surgical_resection,802-056
101,SRC257_T2,0.012101472,0.027808264,0.026594456,0,0.043688753,0.011170463,0.014484161,0.043477268,0.00716034,0.050505739,0.025980759,0,0.039920439,0.03276044,0,0.026117702,0,0.034957858,0.121053806,0.32508678,0.005719712,0,0.050746497,0.076440271,0.016903531,0.007321289,0,0.683506052,0.732085796,surgical_resection,016-116
102,SRC258_T1,0.018966823,0.027703532,0.110681401,0,0.017982219,0.041053773,0.028866683,0.138138199,0,0.058872115,0.071808188,0,0.044036513,0.020640225,0,0.106566793,0,0.071553092,0,0,0.025608352,0,0.001706446,0.147287319,0.016550629,0.051977699,0,0.240794441,0.973073039,pre_treatment,801-097
103,SRC258_T2,0.008033235,0.055802724,0.013249567,0.013394591,0.008189362,0.020300442,0.069937142,0.086065405,0,0,0.050200807,0.005892226,0.046826104,0.096524111,0,0.091846714,0,0.148066415,0.106801464,0,0.067457177,0,0.034162562,0.023333542,0.016178487,0.037737921,0,0.692891259,0.745503117,surgical_resection,801-097
104,SRC74_T2,0.021924064,0.020511544,0,0.025691041,0.019759148,0.028236758,0.029283865,0.063393373,0,0.043526986,0.055438177,0.033264214,0.002734566,0.088765458,0,0.066646797,3.31E-05,0.083812313,0.22151051,0.018951219,0.039950301,0,0,0.071626612,0.034888254,0.030051689,0,0.811917751,0.589178053,surgical_resection,004-058
105,SRC257_T1,0.01045787,0.002538689,0,0.006710434,0.033248371,0.014060845,0.050724834,0.060211927,0.019844156,0.082658543,0.034765261,0.017838644,0.024043031,0.064126863,0,0.050671957,0,0.022859572,0.24041397,0.034974625,0.074519473,0,0,0.103157996,0.041099052,0.011073887,0,0.687930876,0.730227697,pre_treatment,016-116
106,SRC259_T1,0.014891546,0.016355321,0.01453682,0.004372861,0.019711717,0.012515619,0.062889777,0.080224027,0.033377441,0.034322248,0.050673921,0.026977498,0.035405436,0.049431958,0.020338734,0.056690541,0,0.208021605,0.111581017,0,0.047034877,0,0.02450752,0.015350239,0.037596034,0.023193243,0,0.62957821,0.784545572,pre_treatment,001-115
107,SRC259_T2,0.027951283,0.016063185,0.039465958,0,0.027286596,0.002152103,0.038845242,0.049049505,0.032612146,0.108242348,0.041245285,0,0.025050346,0.048956782,0,0.011983708,0,0.282500417,0.046513677,0.035315614,0.008254947,0,0.09337632,0.019077191,0.03893438,0.007122967,0,0.76694422,0.683120768,surgical_resection,001-115
108,SRC260_T1,0.008669105,0.002707333,0,0.032827661,0.019941588,0.001662961,0.072862307,0.07223185,0.055781081,0.006185186,0.077565553,0,0.056347878,0.116410979,0.036520191,0.143164314,0,0.079532369,0.047940491,0,0.053199673,0,0,0.066412405,0.014587175,0.035449902,0,0.481897061,0.884595303,pre_treatment,802-085
109,SRC260_T2,0.023422868,0,0.001554729,0.029074835,0.020825283,0,0.044431553,0.091508355,0.041890027,0.074949536,0.088043196,0,0.083724343,0.110069717,0,0.134592593,0,0.0493508,0.003523153,0.016238015,0.053159017,0,0,0.078154001,0.022023775,0.033464205,0,0.504865213,0.890241194,surgical_resection,802-085
110,SRC261_T1,0.015982092,0.010353587,0.005374231,0.0141411,0.013754808,0.007680422,0.045632475,0.128206536,0.01929243,0.022235189,0.076204962,0,0.071702921,0.071801334,0.055829772,0.106162707,0,0.123365914,0.046878844,0,0.028757987,0,0,0.076797717,0.01396351,0.045881461,0,0.645024215,0.809921193,pre_treatment,802-080
111,SRC261_T2,0.012269126,0.02797547,0.023389132,0,0.009885814,0,0.040668568,0.0828771,0.017361624,0.10719682,0.05269777,0.004005868,0.026790943,0.040481638,0,0.041062884,0,0.247834338,0.148731276,0,0.008607122,0,0,0.046963272,0.035974252,0.025226984,0,0.78938823,0.63482328,surgical_resection,802-080
112,SRC262_T1,0.017741498,0.041306033,0,0.003399262,0.034494428,0,0.040626974,0.128695729,0.059483211,0.138282275,0.049315455,0,0.044729329,0.018749788,0,0.075721432,0,0.087255162,0.069202114,0.029584728,0.02001829,0.008441715,0,0.106937465,0.010529326,0.015485785,0,0.406334125,0.914434919,pre_treatment,802-078
113,SRC262_T2,0.009885015,0.04202004,0,0.003586963,0.030374771,0,0.04789847,0.11844701,0.043048696,0.107051587,0.043456655,0,0.037400417,0.023303163,0,0.063368094,0,0.124220498,0.133306249,0.010360659,0.031795036,0,0,0.091160683,0.020709416,0.018606579,0,0.616246016,0.793019573,surgical_resection,802-078
114,SRC263_T2,0.020596858,0.069901196,0.025750374,0,0.025402669,0.003840894,0.034635426,0.094751962,0,0.065743343,0.021296669,0,0.040185977,0.057480308,0,0.045159548,0,0.20368139,0.146578121,0,0.029316565,0,0,0.050737828,0.042922099,0.022018772,0,0.826512717,0.608834125,surgical_resection,802-075
115,SRC264_T1,0.016144386,0.053054261,0,0.015360753,0.018249814,0.010382777,0.060219143,0.120800057,0.035733371,0.022297309,0.058770188,0,0.047152486,0.072071946,0.016657753,0.11228281,0,0.0912286,0.061098858,0,0.03738884,0,0,0.083047249,0.035531511,0.032527889,0,0.656539299,0.801234482,pre_treatment,802-081
116,SRC264_T2,0.014141269,0.080071873,0,0.005562717,0.031304831,0.002499613,0.060921723,0.101473782,0,0.001261988,0.033936436,0.056944861,0.038025242,0.095343608,0,0.056466377,0,0.175099865,0.066999418,0,0.037857234,0,0.054301806,0.044269096,0.012088042,0.03143022,0,0.830250245,0.681716638,surgical_resection,802-081
117,SRC265_T1,0.00808624,0.011355648,0,0.000156747,0.034413716,0.014144082,0.053051921,0.07636245,0.013254971,0.099577194,0.042378251,0,0.02522201,0.060017598,0,0.07469613,0,0.077203135,0.190208846,0.023183088,0.068461999,0,0,0.081924773,0.026774571,0.019526628,0,0.838690006,0.573380775,pre_treatment,802-071
118,SRC265_T2,0.017944789,0.020700075,0,0,0.034507138,0.006701138,0.046066211,0.038232328,0.004006891,0.080880128,0.029892751,0.026150155,0.019250301,0.100424009,0,0.045070686,0,0.145072849,0.182968962,0.040375987,0.055576741,0,0,0.056218931,0.03754746,0.01241247,0,0.898724201,0.500824171,surgical_resection,802-071
119,SRC266_T1,0.014240913,0.018302649,0.007820593,0,0.024421907,0.012647483,0.058044091,0.106712558,0,0.02368381,0.019781864,0.024513574,0.046739916,0.093191792,0,0.082110981,0,0.109314161,0.133845112,0,0.066511669,0,0,0.084845364,0.040658136,0.032613427,0,0.256076454,1.009023957,pre_treatment,051-077
120,SRC266_T2,0.003261143,0,0.02349447,0.010717637,0.026114977,0.026857398,0.083831986,0.071927471,0.006935683,0.011253286,0.049693852,0.014640289,0.02499477,0.118785917,0,0.088726538,0,0.05693457,0.15574985,0.008839166,0.053772328,0,0,0.109955377,0.024486465,0.029026827,0,0.601270648,0.800145569,surgical_resection,051-077
121,SRC267_T1,0.012374768,0.008368485,0.019159009,0,0.019510439,0.002926022,0.059909369,0.106137845,0.00455619,0.046131584,0.043203097,0,0.041884415,0.084922508,0,0.101944159,0,0.138676278,0.142153836,0,0.054892471,0,0,0.056008589,0.028449025,0.028791911,0,0.643085174,0.76949857,pre_treatment,802-062
122,SRC267_T2,0.014095358,0.026186703,0.034984724,0.002138614,0.021185652,0.012927431,0.039227854,0.100946831,0.010916036,0.059391135,0.040521421,0.009077797,0.027749941,0.044782465,0,0.057509755,0,0.206614134,0.143135924,0,0.025739771,0,0.006526709,0.061685193,0.030629163,0.02402739,0,0.474495486,0.892077017,surgical_resection,802-062
123,SRC268_T1,0.004362488,0.004559854,0.009593764,0.013958527,0.028191154,0.014619937,0.041509913,0.076593348,0.037363321,0.010838053,0.069203465,0.017321025,0.027531054,0.100121549,0.058726335,0.072630329,0,0.187892631,0.08107953,0,0.031459586,0,0.007305402,0.054117235,0.027722717,0.023298783,0,0.732782889,0.733156596,pre_treatment,802-052
124,SRC268_T2,0.021596663,0.014363768,0.028557903,0,0.020205838,0.010718105,0.030424412,0.087087614,0.010197921,0.035313718,0.042684368,0.004103121,0.03806013,0.068635702,0,0.000177529,0.011905683,0.145597725,0.148902178,0.116984758,0.00634803,0,0.046696759,0.08359652,0.017395565,0.01044599,0,0.860496098,0.561422538,surgical_resection,802-052
125,SRC269_T2,0.024364762,0.019790127,0.021489886,0.020421661,0.022407699,0.007993477,0.046403444,0.081346073,0.008487771,0.07928469,0.038855921,0,0.040613693,0.069361594,0,0.081149078,0,0.122794262,0.160955669,0,0.043390396,0,0,0.049019576,0.038561298,0.023308924,0.002,0.188497713,1.065124169,surgical_resection,802-063
126,SRC270_T1,0.012800381,0.030216375,0,0.006464202,0.002378106,0.010948673,0.075529972,0.081693236,0.011448819,0.062382207,0.086463674,0,0.050300266,0.116264865,0,0.158416115,0,0.059109095,0.06761643,0,0.058037359,0,0,0.067162181,0.009142048,0.033625995,0,0.650888001,0.797319154,pre_treatment,051-060
127,SRC270_T2,0.017069109,0.09671862,0.009302059,0.009751388,0.001370117,0.025968183,0.048925029,0.074323273,0,0.040884234,0.057500976,0,0.018978285,0.091727307,0,0.092651416,0,0.042604543,0.160542103,0.032416429,0.044854315,0,0,0.088088541,0.022575984,0.023748091,0,0.693805868,0.727580079,surgical_resection,051-060
128,SRC271_T1,0.016334012,0.069370724,0,0.011832507,0.007597882,0,0.059014949,0.107803717,0.040258997,0,0.081101054,0,0.065913779,0.079152422,0,0.095798811,0,0.109844945,0.050501982,0.041743903,0.031915454,0,0.033332798,0.076138092,0,0.022343972,0,0.671409667,0.789837062,pre_treatment,802-050
129,SRC272_T1,0.006886488,0.021632796,0,0.030640646,0.01451541,0,0.058514693,0.104998482,0.044407259,0,0.092860998,0,0.078772197,0.100804971,0.036117973,0.160657516,0,0.073150407,0.013131958,0,0.049833342,0,0,0.070263412,0,0.04281145,0,0.659541233,0.823913727,pre_treatment,051-057
130,SRC272_T2,0.008553034,0.018519761,0.001225857,0.000699043,0.02948403,0,0.059559442,0.116857304,0.026232307,0,0.075578562,0.02136021,0.040339728,0.112734006,0.049658051,0.135595815,0,0.119839318,0.036613668,0,0.051669787,0,0.024834062,0.032774014,0.006040132,0.031831869,0,0.578465023,0.840649025,surgical_resection,051-057
131,SRC273_T2,0.019991405,0.039394283,0,0.029595505,0.022248462,0.012088538,0.031547138,0.07102697,0.040233768,0.076998166,0.066267047,0,0.015449334,0.063000063,0.01318742,0.077815223,0,0.259936856,0.041933506,0,0.019446457,0,0.027777982,0.02695166,0.012761128,0.032349092,0,0.747834029,0.716242473,surgical_resection,802-051
132,SRC274_T1,0.012614936,0.038287445,0.002379635,0.011885499,0.044971227,0,0.042695535,0.092926193,0.070725403,0.064161872,0.041766607,0,0.053022327,0.028302919,0,0.051533723,0,0.063832732,0.192207407,0.022160341,0.02962574,0,0,0.077549801,0.040037618,0.019313041,0,0.723695787,0.695211086,pre_treatment,802-019
133,SRC275_T2,0.008963915,0.037006909,0.015256313,0.007933166,0.024096326,0.007271218,0.051120467,0.065328116,0,0.068371612,0.042562604,0.012284632,0.033561304,0.069072204,0,0.053028952,0,0.184830948,0.184554601,0,0.041742891,0,0,0.038221978,0.032446513,0.022345331,0,0.535344351,0.857322593,surgical_resection,802-086
134,SRC276_T1,0.048409752,0.012934151,0.094601177,0.009546456,0.001162429,0.078070467,0.064721845,0.152355951,0.001756648,0,0.091559237,0,0.027296007,0.019890643,0.009908276,0.134948967,0,0.041194504,0,0.001714202,0.013760877,0,0,0.134151511,0.004714162,0.057302737,0,0.232825859,0.975736384,pre_treatment,051-087
135,SRC277_T1,0.006125638,0.025390444,0.056057148,0,0.023563757,0.045971821,0.076914884,0.10479131,0.02303081,0.042485372,0.064370246,0,0.035443181,0.082753018,0,0.111652871,0,0.043288092,0.017547623,0,0.036445603,0,0,0.140094749,0.002321743,0.06175169,0,0.256737858,0.967535028,pre_treatment,801-088
136,SRC278_T1,0.004100438,0.012542666,0,0.027612859,0.023782329,0.008810327,0.063740472,0.074768795,0.05920185,0.040620837,0.056173388,0,0.04479932,0.082868309,0.029331567,0.105924444,0,0.109818016,0.060140309,0.020456497,0.034205005,0,0,0.095382833,0.016267191,0.029452546,0,0.666388961,0.795593393,pre_treatment,051-094
137,SRC279_T1,0.018279911,0.021160888,0.017396849,0,0.004655317,0.003798945,0.043093725,0.108305286,0.046753722,0.020833996,0.089291231,0,0.049991465,0.094943628,0.031889505,0.097165579,0,0.145850361,0.053540082,0.000790706,0.029403432,0,0,0.052312954,0.037546044,0.032996374,0,0.580604163,0.835670524,pre_treatment,801-042
138,SRC279_T2,0.007992084,0.027727996,0.038283848,0.004339287,0.022268421,0.031251925,0.057517176,0.128794839,0,0.029634512,0.042665738,0,0.040240565,0.065427113,0.002423291,0.119219222,0,0.130903374,0.068916004,0,0.047166942,0,0,0.074376199,0.028575217,0.03227625,0,0.377454649,0.929628288,surgical_resection,801-042
139,SRC360_T1,0,0.019653992,0.022098267,0,0.029776243,0.001766609,0.03889655,0.092360467,0.018889754,0.042085647,0.041696564,0.03264606,0.036260454,0.03077546,0.055743727,0,0,0.203997679,0.199337018,0,0.02321872,0,0,0.052327504,0.039069681,0.019399603,0,0.873335271,0.522404006,pre_treatment,048-119
140,SRC360_T2,0.017330131,0.01180515,0.018720706,0.010338501,0.028706396,0.010489386,0.030763735,0.048408704,0.033599909,0,0.061474959,0.022962622,0.045602034,0.089753767,0.064453512,0.009230313,0,0.215380788,0.113327114,0.051384119,0.022098483,0,0,0.051029963,0.029745589,0.013394117,0,0.773255606,0.675714311,surgical_resection,048-119
141,SRC361_T1,0.009733367,0.039690463,0.012256229,0,0.025828118,0.009101788,0.044548198,0.06802952,0.027789935,0.070329066,0.045318333,0.024184527,0.020507092,0.038116169,0,0,0.002993136,0.236102396,0.215455289,0,0.009550549,0,0,0.030357559,0.051180038,0.018928229,0,0.892297977,0.475786704,pre_treatment,022-127
142,SRC361_T2,0.028734402,0.093203021,0.023531008,0,0.019257267,0.002642729,0.023801284,0.065965265,0,0.056833326,0.042816088,0,0.032255143,0.063717305,0,0,0,0.276240095,0.061756539,0.042044553,0.007288283,0,0.093976751,0,0.046089867,0.019847075,0,0.857438019,0.602075473,surgical_resection,022-127
143,SRC362_T1,0.032000834,0.006522081,0.126107699,0.010049073,0.005801528,0.051978272,0.019221991,0.141593137,0.019380118,0.012434385,0.078517245,0,0.014204949,0,0.007303457,0.087339529,0,0.051028201,0.018849411,0.031551712,0.014818478,0,0,0.219472739,0.006333364,0.045491797,0.002,0.219130997,0.983570636,pre_treatment,092-124
144,SRC362_T2,0.041760208,0.003149241,0.028180391,0.024666877,0.03013586,0.076076342,0.04374428,0.103746139,0,0.047423712,0.057896209,0,0.038115107,0.070821378,0.01499558,0.075829053,0,0.060895516,0.032039137,0,0.024005185,0.014811954,0,0.135870648,0.040593162,0.035244021,0.004,0.161602649,0.998951906,surgical_resection,092-124
145,SRC363_T1,0.004572552,0.012200124,0.048002992,0.003053881,0.019045743,0.023141632,0.069445766,0.113108891,0.013588416,0.012409021,0.043932048,0.008082838,0.037063111,0.057058191,0.019941092,0.071180873,0,0.186388849,0.045324215,0.0529668,0.047812658,0,0.012820619,0.042595261,0.026827424,0.029437005,0,0.712684761,0.750263241,pre_treatment,092-126
146,SRC363_T2,0.012354713,0.012439751,0.035611322,0,0.030997939,0.01131964,0.022416699,0.056626523,0.032194765,0.072979185,0.024789927,0.002866442,0.033206893,0.037202908,0,0,0,0.187300313,0.061864226,0.221324492,0.008354759,0,0.047410433,0.060012384,0.02588175,0.002844936,0,0.851411372,0.56516505,surgical_resection,092-126
147,SRC364_T2,0.00470451,0.059177588,0.009458102,0.026918074,0.021321086,0,0.053970822,0.039789182,0.022589038,0.013199542,0.048233565,0.038652445,0.041904805,0.092059145,0,0.045000851,0.001955746,0.171631634,0.160000623,0,0.048866376,0,0.026645933,0.010740705,0.039838525,0.023341704,0,0.861535673,0.569744563,surgical_resection,001-131
148,SRC365_T1,0.017770782,0.011432791,0.031413369,0,0.022455857,0.014274102,0.04462477,0.087564714,0.030509812,0.040492461,0.045382653,0.043409284,0.018359111,0.049004347,0,0.052746601,0,0.091534306,0.218000672,0.026714878,0.036740591,0,0,0.075881965,0.023582247,0.018104689,0,0.620755417,0.791245963,pre_treatment,001-128
149,SRC374_T1,0.008178432,0.044431326,0.030436647,0,0.015509372,0.012857294,0.067552286,0.124531897,0,0,0.037759907,0.007624091,0.057500019,0.080594426,0.012366668,0.111203181,0,0.154800032,0.065960147,0,0.055187124,0,0,0.048316932,0.02476723,0.040422989,0,0.646179034,0.791997462,pre_treatment,034-137
150,SRC253_T1,0.038748445,0,0.009316955,0.014434182,0.012133959,0.007696063,0.020295701,0.139355861,0.019848672,0.048830586,0.076121036,0,0.039545723,0.071357012,0.140634062,0.105459184,0,0.078662385,0.007830316,0,0.04104483,0.002963041,0,0.067266543,0.032530341,0.025925103,0,0.341527114,0.941380504,pre_treatment,802-079
151,SRC255_T2,0.014710748,0.047003968,0,0,0.033158314,0.001818762,0.042831165,0.0746465,0.004704167,0.070378367,0.034528812,0.03515339,0.034789992,0.047969386,0,0.058825611,0,0.096328173,0.181197089,0.06426868,0.034826279,0,0,0.091446717,0.016953931,0.014459951,0,0.855305419,0.557769547,surgical_resection,802-096
152,SRC447_T1,0.011621507,0.009859884,0.01049317,0.012989094,0.016238793,0.014634595,0.052845052,0.074806538,0.005869152,0.101457277,0.039056005,0,0.042193988,0.040670323,0,0.065467995,0,0.082930383,0.223785945,0.041396227,0.029216586,0,0,0.079765256,0.034369915,0.010332313,0,0.8166139,0.58164184,pre_treatment,092-140
153,SRC449_T1,0.005234336,0.010360333,0,0.008341992,0.004934362,0.017770037,0.083763362,0.094257283,0.048632443,0,0.095700589,0,0.031442276,0.108513862,0.085902026,0.124211072,0,0.103198942,0.019717749,0.00527101,0.050578177,0,0.008215234,0.035118465,0.021928193,0.036908257,0,0.518060595,0.87764266,pre_treatment,801-141
154,SRC450_T1,0.004599506,0.023077066,0.026077118,0,0.023598732,0.014863601,0.04431351,0.087473284,0.031781036,0.058235741,0.042838201,0.040302586,0.026342926,0.042520926,0.010096697,0.04281613,0,0.184487156,0.16118027,0,0.028708101,0,0,0.03989741,0.040289789,0.026500217,0,0.443615063,0.912770045,pre_treatment,098-155
155,SRC451_T2,0.010384549,0.023253562,0.035851885,0,0.028710682,0.011924614,0.032155688,0.046716907,0.027717393,0.095160472,0.032051023,0.005704922,0.0196616,0.049205596,0,0.044349119,0,0.052648774,0.310819664,0.02052415,0.024207237,0,0,0.090065556,0.028973425,0.009913182,0,0.912566939,0.411321641,surgical_resection,092-142
156,SRC453_T1,0.027388816,0.015971258,0.025514215,0.00098761,0.031469495,0,0.045746424,0.100105469,0.035667311,0.058563024,0.068340025,0.010648241,0.032301674,0.072187344,0.033039064,0.107849799,0,0.110465324,0.064583348,0,0.063444573,0,0.002461652,0.043168333,0.023363113,0.026733888,0,0.237262117,0.983547074,pre_treatment,802-130
157,SRC455_T1,0.00823263,0.004673361,0,0,0.023131335,0.017183287,0.061804191,0.05031763,0.02455099,0.103855057,0.053610087,0,0.030922503,0.051094772,0,0.070895115,0,0.102627031,0.15138659,0.065740995,0.035735131,0,0,0.096085348,0.035402455,0.012751493,0,0.699413477,0.723784118,pre_treatment,802-100
158,SRC456_T2,0.019401565,0.076645906,0.013908164,0.017333476,0.032827295,0,0.028331518,0.084173249,0.035230015,0,0.044731272,0,0.038431529,0.067256874,0.026869158,0.066467407,0,0.17948327,0.023434704,0.087352028,0.024093246,0,0.072730292,0.022861791,0.01329689,0.025140349,0,0.680547431,0.767527675,surgical_resection,092-144
159,SRC457_T1,0,0.012336349,0.006549806,0.019961048,0.030631577,0.020503635,0.037675659,0.052991208,0.041310736,0.035005716,0.03433224,0.020066842,0.027854064,0.066870868,0.046156997,0.069200675,0,0.12844562,0.037551437,0.146833421,0.027232838,0,0.020057342,0.072612848,0.019716146,0.026102927,0,0.665835482,0.771307794,pre_treatment,802-122
160,SRC458_T1,0.008233254,0.027720985,0.053759763,0,0.016041341,0.006762059,0.037983082,0.104531642,0.018091446,0.014991319,0.069155907,0,0.061185136,0.062884292,0,0.115663772,0,0.145892392,0.11495946,0,0.037079235,0,0.022089752,0.037433375,0.00939754,0.036144247,0,0.721475664,0.718107825,pre_treatment,802-117
161,SRC459_T2,0.006174574,0.052386903,0,0.012119809,0.020252544,0.000835922,0.062961335,0.090906341,0,0.004675203,0.048090481,0,0.063066154,0.105644776,0,0.089259979,0,0.153653924,0.10901851,0,0.051452665,0,0,0.068544084,0.022566947,0.038389846,0,0.664357597,0.764689983,surgical_resection,801-129
162,SRC462_T1,0.009235557,0.02618101,0,0.004373716,0.019863937,0.005219638,0.046319322,0.070155588,0.00738133,0.060187164,0.049276566,0.056400695,0.030668464,0.072509673,0.009289456,0.036944749,0.002474398,0.060869338,0.249358557,0.000405189,0.035224973,0,0,0.066189469,0.0509154,0.030555809,0,0.787046648,0.617125337,pre_treatment,001-134
163,SRC463_T1,0.013451035,0.014973956,0,0.005922784,0.025030586,0.007816472,0.047314932,0.058042155,0,0,0.037722904,0.022859789,0.032293023,0.128166353,0,0.036834578,0,0.080235384,0.222276855,0.004499049,0.060908629,0,0,0.101174355,0.071943096,0.028534064,0,0.894178528,0.480467458,pre_treatment,004-112
164,SRC464_T1,0.002138912,0.001724237,0.029646938,0.004414784,0.028696039,0.014652562,0.043907595,0.099734074,0.040610741,0.067234702,0.068818373,0.001901376,0.016215221,0.026633946,0.01535775,0.073586837,0,0.077125484,0.227680642,0,0.028354299,0,0,0.073341001,0.040391323,0.017833165,0,0.798310048,0.604439484,pre_treatment,004-107
165,SRC245_T1,0.006462918,0.099020442,0,0.012808883,0.013459436,0,0.052598832,0.076667291,0,0,0.066366622,0,0.068745504,0.114691084,0.005122388,0.106143084,0,0.151144152,0.063348439,0,0.064989087,0,0,0.040705157,0.017925042,0.039801638,0,0.542232936,0.84928137,pre_treatment,016-104
166,SRC247_T2,0.006994097,0.043350915,0.048362654,0,0.015496713,0.015643891,0.06588333,0.108821268,0.00555437,0,0.040366681,0,0.041077392,0.062196928,0.032387122,0.079724801,0,0.230281048,0.033083508,0,0.067592478,0,0,0.024944897,0.03590064,0.042337267,0,0.500816221,0.869604595,surgical_resection,016-114
167,SRC364_T1,0.000904174,0.057924785,0.027977022,0.010615459,0.015848309,0.009322326,0.070410199,0.119974975,0.019682169,0.015036364,0.05890483,0.04408207,0.022073831,0.042666397,0.021949566,0.089126334,0,0.109523929,0.082833566,0,0.063647384,0,0.004211121,0.041962912,0.022938887,0.048383391,0,0.480439462,0.879569314,pre_treatment,001-131
168,SRC447_T2,0.031849667,0.11858624,0.041411053,0,0.020850154,0.014808213,0.033353504,0.063822353,0,0.068295674,0.02247044,0.004507954,0.015405778,0.092536039,0,0,0,0.220233202,0.144132416,0.015073748,0.009340516,0,0,0.026985933,0.045881734,0.010455381,0,0.852613303,0.58853172,surgical_resection,092-140
169,SRC449_T2,0.017987592,0.025281692,0.002324843,0.001087026,0.017386898,0.009038613,0.049587818,0.100137166,0,0.050072174,0.050076471,0,0.050431979,0.089758788,0,0.074043366,0,0.136247543,0.147098801,0,0.037562718,0,0,0.076243045,0.039693684,0.025939784,0,0.281381362,1.005721797,surgical_resection,801-141
170,SRC451_T1,0.002872195,0.050424409,0.006417217,0.010754052,0.035326763,0.000489817,0.037858066,0.068982546,0.023916041,0.098852473,0.038721299,0.013088465,0.003502542,0.061022486,0,0.041145431,0,0.065920975,0.259122452,0.031041195,0.024611835,0,0,0.088303233,0.025758942,0.011867565,0,0.888165009,0.464974265,pre_treatment,092-142
171,SRC454_T1,0.013220476,0.017062937,0.021306422,0,0.034874585,0.023548164,0.06738786,0.128853732,0.037001861,0.06353996,0.086483341,0.012717678,0.016685574,0.035822811,0.020159196,0.092587482,0,0.144756165,0.023039559,0,0.032515076,0,0,0.066382086,0.030378645,0.031676392,0,0.642702791,0.819563567,pre_treatment,802-108
172,SRC454_T2,0.025179586,0.012398649,0.082315514,0,0.012557923,0.051336783,0.026638522,0.15256295,0.029223649,0.045410571,0.070401752,0,0.008789199,0,0.038476616,0.122020389,0,0.052748295,0,0.030193367,0.014781623,0.036703951,0,0.158339827,0,0.029920835,0.002,0.203286717,0.985668788,surgical_resection,802-108
173,SRC456_T1,0.016491025,0.01491115,0.006655059,0,0.03004174,0.012776092,0.052684326,0.01108967,0,0.020334015,0.021115732,0.056185293,0.022582935,0.13347334,0,0.029129088,0.034019671,0.066219138,0.317219945,0.010496732,0.017270643,0,0,0.051975512,0.049732108,0.025596785,0,0.810805848,0.606096463,pre_treatment,092-144
174,SRC457_T2,0.008441522,0.054581615,0,0.020553664,0.013976903,0.023635977,0.04305488,0.0498777,0.01013823,0,0.051605867,0,0.038955642,0.108654102,0.06479115,0.07262742,0,0.152697415,0.056984627,0.065677952,0.03135256,0,0.035466218,0.066125796,0.004494758,0.026306001,0,0.687153949,0.767133661,surgical_resection,802-122
175,SRC459_T1,0.008892759,0.033073506,0,0.010523131,0.021292494,0,0.047110433,0.046956568,0.041747691,0.03982479,0.06364781,0.013229853,0.035556536,0.098784914,0,0.070251221,0,0.145567216,0.161259688,0.006032875,0.017583644,0,0,0.080317,0.03280783,0.02554004,0,0.695335805,0.724745209,pre_treatment,801-129
176,SRC520_T1,0.002234373,0.025451083,0.010924793,0,0.02134299,0,0.063161778,0.073661437,0.062314022,0.051963829,0.069204894,0,0.058344568,0.06524567,0,0.122983443,0,0.102575273,0.108852182,0,0.05206119,0,0.0146135,0.033735495,0.014799563,0.046529917,0,0.665231223,0.76694095,pre_treatment,802-120
177,SRC522_T1,0.002796099,0.009198986,0.004231463,0.030949228,0.025233881,0.010565397,0.059975233,0.029638785,0,0,0.041950777,0,0.061601798,0.140006619,0,0.069104528,0.011075156,0.064506815,0.236072122,0.00181704,0.050798623,0,0,0.092864412,0.02735223,0.030260811,0,0.881924388,0.484261351,pre_treatment,802-121
178,SRC523_T1,0.014947707,0.023948573,0.018964006,0.000371057,0.005509424,0.026934185,0.064111485,0.158471945,0,0,0.052951233,0.021451816,0.037996073,0.059114069,0.017175204,0.11326994,0,0.194354351,0.023072278,0,0.047749451,0,0.018947575,0.04055769,0.021800897,0.03830104,0,0.727495499,0.75119406,pre_treatment,801-151
179,SRC523_T2,0.019910537,0.024364959,0,0.026753049,0.027734786,0.010049699,0.070658638,0.05955734,0.003182384,0.00405886,0.042934573,0.01016104,0.052973727,0.110694619,0,0.115452662,0,0.18837642,0.032693575,0.016965375,0.044881293,0,0.064342124,0.026468046,0.019929231,0.027857063,0,0.715061377,0.754756059,surgical_resection,801-151
180,SRC524_T1,0.014135706,0.035314217,0.01000503,0,0.026587124,0.002078591,0.084931043,0.072480269,0.024856613,0.002000971,0.049334718,0.032770967,0.05732393,0.09805812,0,0.058026498,0,0.187190165,0.077176598,0,0.057255375,0,0.039024376,0.017640135,0.020631492,0.033178064,0,0.686794323,0.764539542,pre_treatment,802-150
181,SRC526_T1,0.018136272,0.013517096,0.019655318,0,0.026501935,0.013201047,0.035080062,0.061708632,0.053058861,0.070894967,0.057551907,0.006343339,0.018744425,0.055948514,0,0.018036498,0,0.123696821,0.268125372,0.015857033,0.013799267,0,0,0.060676786,0.034868096,0.014597752,0,0.896445122,0.447524233,pre_treatment,022-152
182,SRC527_T1,0.017934027,0.01575658,0.004501587,0,0.0289983,0.019335322,0.067135942,0.045490126,0.0217409,0.027800128,0.036075534,0.053082902,0.017463033,0.175652197,0.017690463,0.09827266,0,0.100244159,0.101187931,0,0.030815458,0,0.029577594,0.042432506,0.019429477,0.029383175,0,0.560913451,0.834170991,pre_treatment,076-146
183,SRC528_T1,0.002482862,0.018528081,0.040099365,0,0.027964179,0.018034598,0.076949702,0.13551311,0,0.028111066,0.042906908,0,0.041719957,0.051226104,0.011693565,0.09406529,0,0.194266606,0.04122074,0,0.056568057,0,0.04741002,0.01610625,0.020150568,0.034982975,0,0.616987521,0.809636241,pre_treatment,076-068
184,SRC529_T1,0.004292795,0.017166093,0.046264392,0.00617231,0.018629281,0.005156158,0.056250819,0.109264993,0.078592547,0,0.077632836,0,0.047761423,0.045638241,0.044454578,0.096415193,0,0.157720952,0.039527908,0,0.04062207,0,0,0.062951837,0.013581252,0.031904322,0,0.45366148,0.895012526,pre_treatment,076-102
185,SRC532_T1,0.004370933,0.003805723,0,0.004117941,0.025891776,0.013439924,0.052527222,0.042218578,0.016790983,0.028672149,0.059168665,0.028566172,0.022677656,0.106943702,0,0.030333934,0,0.071748362,0.253367345,0.06528978,0.016581502,0,0,0.109140587,0.033922105,0.010424961,0,0.847155472,0.533673896,pre_treatment,802-149
186,SRC533_T1,0.006979108,0.055220003,0.029797608,0,0.02102968,0.008417129,0.053982789,0.111084791,0,0.059536627,0.044612759,0.002374345,0.045164452,0.055504393,0,0.086625047,0,0.144417628,0.098426415,0,0.058079345,0,0.013642074,0.034867128,0.025352574,0.044886104,0,0.496302116,0.86942351,pre_treatment,802-143
187,SRC534_T1,0.012369899,0.009867068,0.029199032,0.00208052,0.01521833,0,0.041831794,0.090575935,0.042764106,0,0.109497585,0.007082067,0.039112317,0.110792804,0.048080745,0.112183037,0,0.035765561,0.082885902,0,0.063524189,0,0,0.08510715,0.026193737,0.035868221,0,0.553643531,0.846097751,pre_treatment,802-153
188,SRC535_T1,0,0.022108737,0.018199046,0.013220449,0.031674126,0.016265512,0.029159037,0.085359118,0.034573475,0.07037126,0.061479229,0,0.023523921,0.044485507,0.013814624,0.062800134,0,0.081121122,0.22368318,0.00420958,0.028611707,0,0,0.082574627,0.028695128,0.024070482,0,0.742041029,0.670855158,pre_treatment,802-103
189,SRC536_T1,0.006173032,0,0,0.029268292,0.027452945,0.029050708,0.076312262,0.074160493,0.029800943,0.01214923,0.061680246,0.009441677,0.009947159,0.125985054,0.017810178,0.086091858,0,0.03695118,0.152929098,0.010004749,0.047755105,0,0,0.094272349,0.026325526,0.036437914,0,0.643739905,0.770330344,pre_treatment,802-139