"","Mixture","CD4+ Stressed","CD8+ GZMK+ Tm","CD4+ Activated","CD4+ Tregs","CD8+ Early Activation","NK cells CD56 high","CD4+ Th17","CD8+ Activated","CD8+ ISG","CD4+ Tn","CD8+ Exhausted","CD8+ Stressed","NK cells CD56 low","CD4+ Tcm","CD4+ Tfh","DCs AREG+","M2 APOC1+ APOE+","Macro SELENOP+ SLC40A1+","Monocytes EREG+","M2 TREM2+ SPP1+","Mastocytes","DCs CD1c+","Inflammatory Monocytes","Immunoregulatroy PMNs","Proinflammatory PMNs","B Cells & Plasma Cells","P-value","Correlation","RMSE"
"1","SRC33_T1",0.0449453131492624,0.0208387155214242,0.127965176715907,0,0.0142433642081747,0.068948655426793,0.04675946711153,0.171285658688585,0,0.0121798066524911,0.0550229099032538,0,0,0.0204529899682714,0,0.0936240899266039,0,0.062174083665252,0.00848610019679893,0,0.0180530024501904,0.0327912226769632,0,0.132086942668969,0.0180237608907317,0.0521187401787983,0,0.266164641879411,0.966064021056046
"2","SRC33_T2",0.0342242747697741,0.0632865274383774,0.0387324825547501,0,0.0332664371336237,0.00221981996241889,0.0387131922473367,0.109843235675686,0.0232280989743343,0.0320518137587693,0.031446148106957,0.0250712959188626,0.0369214345370223,0.0691673008214165,0,0,0.0651932631252986,0.182298960438589,0.0820898223398217,0,0.0089933621308024,0,0,0.060917347085349,0.0285315864426221,0.0338035965381887,0,0.816182774464455,0.675714064085507
"3","SRC35_T1",0.0162098645734124,0.0112597374738392,0.138981530300089,0,0,0.0624987620882658,0.0503428785362213,0.157826211948265,0,0.0369573811062472,0.0517445102095515,0,0.0128735846394239,0.0446349857089516,0.00010937776388471,0.0795138125645588,0,0.0709800047047,0.0367725842990734,0,0.0175761156426313,0.0386114086842652,0,0.125965613201837,0.0207454883072912,0.0263961482474919,0,0.282141561560078,0.961893023469114
"4","SRC36_T1",0.0298600091868397,0.0386045348353801,0.0573837679963448,0.0211167134152372,0.0148191159354702,0.0317160281064787,0.0433623928513758,0.147953037783707,0.0147861277660374,0.0210687506838919,0.0537524156546013,0,0.0332060304749369,0.032308514511327,0.0232375772975508,0.134072248818102,0,0.052041132192741,0,0,0.0253645068783973,0,0,0.152263061471775,0,0.073084034139807,0,0.279664876977025,0.961104861336412
"5","SRC36_T2",0,0.0820293645817484,0,0.021910595252212,0.0178089360961429,0.00901606965632943,0.0543489508112198,0.026537142853755,0,0,0.0517883722374429,0.0136346367722734,0.048572009940654,0.129696468478088,0.0230265108345418,0.0889429980702978,0,0.0424993144337272,0.167321980896918,0.0164877408393766,0.0630850396610318,0,0,0.0938020256686698,0.0210327929242423,0.0284590499913288,0,0.618639845305175,0.785918338442612
"6","SRC37_T1",0.00076688551938896,0.00700087570633573,0,0.0104940232169888,0.0224229197238015,0.0266394954421277,0.072192191689019,0.118987938338513,0,0.0352900037043485,0.0241280600570244,0.0423863666291749,0.0317964381192037,0.0610680249621038,0.0294681794786525,0.0459996401844989,0,0.0765231629317439,0.222460173984278,0,0.0290957822404208,0,0,0.0744145990199456,0.0423345406770596,0.0265306983753712,0,0.80080551528856,0.604961814347427
"7","SRC37_T2",0.00510276020129709,0.0304114304128412,0,0.0216146879183896,0.0153492089814785,0.0121371535101209,0.0516629138587859,0.0550639283611191,0.0471150492872781,0,0.0542319428764227,0.0328432867034138,0.0352016176670857,0.120327209446083,0.035330374068701,0.0810933754151201,0,0.0930699528640245,0.0863697283450607,0.0730477276185635,0.0513488613821509,0,0.0165279451005709,0.0445075556786564,0.0125961526132706,0.0250471376895662,0,0.641597423628316,0.791653600144755
"8","SRC38_T1",0.017810232721697,0.0179957254232161,0.0403239448157161,0,0.0182620457407778,0.0206488406512728,0.0485197002572878,0.133176873311507,0,0.0379621504647945,0.0415053935083331,0.012943828693848,0.0391367577782389,0.0694153620100107,0.0301302008561837,0.112061470291058,0,0.123686814285874,0.0683181185347238,0,0.0436656001834587,0,0.00890446369355979,0.0571148624833564,0.0221989245908408,0.0362186897042447,0,0.311683081558617,0.95751780963039
"9","SRC38_T2",0.00892125015918483,0.0440206963763973,0.0712529556676067,0,0.023366328627206,0.0302903169799478,0.0587267718198322,0.0685138167117825,0.0550870920571325,0,0.0460863238942133,0.00912970109654169,0.00929514532589686,0.0852048142572205,0.0580725973945048,0.0492947596322588,0.0833202241397119,0.142376393592993,0.00915650981751823,0,0.0391601148211258,0,0.0248765511232961,0.0125475439952006,0.0381711076116806,0.0331289848987485,0,0.382619706287359,0.924567338500133
"10","SRC40_T1",0.0249140887803756,0.0275744538176615,0.0175608429803063,0,0.0258496881061014,0.01552236380238,0.0394881892423019,0.140309920131872,0.0368887142761698,0.0668925713060401,0.0508467513325549,0,0.035893852104157,0.0275079595716671,0,0.073335093971865,0,0.134056476091265,0.0928299747536106,0.0134257012345784,0.028033687467262,0,0,0.0902020103514216,0.0339334849487635,0.0249341757296456,0,0.689788326952091,0.760182355909829
"11","SRC40_T2",0.0213481690090852,0.0154092247520104,0,0,0.0302390077373247,0.00463696479781138,0.031106787198834,0.0544107090909663,0.0185318095662632,0.0449656166574607,0.0449091578495843,0.038995158087807,0.0311538229404452,0.111479132108952,0,0.0507648844581444,0,0.16027107010222,0.173153602057906,0.0119504827378485,0.0278366148424032,0,0,0.0664357187801392,0.0510629190669618,0.0113391481578331,0,0.667764751176477,0.746310727452465
"12","SRC43_T1",0.00273328008084914,0.0137897035384143,0.0242028317966344,0.00596451905246527,0.0337446629457354,0.025415051668813,0.054195373523819,0.11009417323591,0.0293659946887017,0.0563517269753669,0.0551738451013696,0,0.0183202226085469,0.0495283964706519,0.00590198681786055,0.0636153716437917,0,0.071225390484844,0.156340378828444,0.0289478636543657,0.063104352913386,0,0,0.0924364606743288,0.0253818798938928,0.014166533401809,0,0.769839496853144,0.669845234188716
"13","SRC45_T1",0.0105872129711414,0.0155406616037514,0,0.0276603153240144,0.0258312002828916,0.0142698436597689,0.0401553822090362,0.0937936719687791,0.0354410249229899,0.0766639055272441,0.0623069455080732,0,0.0362186762110668,0.0602244046492112,0,0.104946602825266,0,0.0781391619896625,0.110311039826898,0.0179792438557972,0.0385733541883848,0,0,0.0935004825154228,0.0302475847393142,0.0276092852212862,0,0.606923952412188,0.805210784233584
"14","SRC45_T2",0.0147822067912262,0.0141621261178923,0,0.0241975488891388,0.0282711842402724,0,0.0328450366615493,0.0430160938666471,0.0296565786809741,0.0826723451829427,0.0379186158975843,0.022836592233857,0.033304183985977,0.0719285017571218,0,0.0460403753382454,0,0.106915289104239,0.231487779766046,0.0329927361521454,0.0208093178490215,0,0,0.0636205428048272,0.0463092039774215,0.0162337407028704,0,0.862340817916573,0.517135536746392
"15","SRC46_T1",0.0135226841755035,0.0149791739389373,0.00126647038191566,0,0.0316298707292682,0.00605048619962632,0.0403629361674849,0.0717370870784808,0.0363990946506902,0.0943544659256666,0.0416623507620237,0,0.0204919800119415,0.0519895804927964,0,0.0186902402630929,0,0.161449624004762,0.160138368278217,0.0493528470400062,0.0470254981289787,0,0,0.087684539083661,0.041322883132367,0.00988981955458019,0,0.733059402029548,0.692882516495712
"16","SRC48_T1",0.00105297412498958,0.0807241897394429,0.0926599403626678,0,0.0183277709791523,0.0129541509660191,0.0537280632718469,0.198596259637486,0,0.0311786379517821,0.0242289921826123,0.024895284330924,0.0342239365604248,0.0251896595069496,0.00867175761577745,0.0709422221978514,0,0.0949126550255947,0.0381285888473919,0,0.0271509733165769,0.0116429642632671,0.0148230806526806,0.0481083617096397,0.0136155477408093,0.0742439890161142,0,0.769846263115295,0.759845126173763
"17","SRC48_T2",0.0154807427309087,0.113544421221909,0.0168698344097544,0,0.00963229793343152,0.0155258667941165,0.0563522530925356,0.0692169231659509,0,0.0141869181110311,0.0354023144690708,0.0234715405725897,0.0357574301464174,0.0954128742375424,0,0.0451024827769782,0,0.18137194784481,0.125694205711306,0,0.0403613573227912,0,0.015137125651038,0.0379383376303959,0.0199522387304408,0.0335888874469814,0,0.816232669105355,0.642067721658058
"18","SRC49_T1",0.0055242752217674,0.0186363233810855,0.0163382754243779,0,0.0201807001823657,0.0111266360574199,0.0508526483186219,0.123332761781129,0.0259488927984697,0.0414046741761751,0.0665958077695376,0.0079739704300156,0.0379846854839933,0.044177251190765,0.0373914788837988,0.091733651319295,0,0.125915711504252,0.114194611436948,0,0.0470640058620135,0,0,0.046152346118803,0.0340990662654795,0.0333722263936865,0,0.262065915436759,0.99514607485138
"19","SRC49_T2",0.0350723280260085,0.0559509333111718,0.0635745779489372,0,0.0226422175820091,0.0063842355382682,0.0416765633246375,0.183396935027354,0.0452309522658523,0.0414755379458374,0.040330042990458,0.0183291669766074,0.0557665504791201,0.0170970303949253,0,0.0251249107382254,0,0.157153850740148,0.0185020520333489,0,0.00990926220107861,0.0267806432455992,0,0.0676863510581163,0.0273538517025177,0.0405620064697788,0,0.457338010233043,0.895856376817258
"20","SRC52_T1",0.0182219293808727,0.0738377858071386,0.0310364066112306,0,0.029142056082121,0.0252706406683703,0.03835503746564,0.132373358362398,0.0173466122154722,0.054753672412488,0.0398262903888174,0,0.0326475977854303,0.0336248283647834,0,0.047301923690421,0,0.117920060319575,0.151993246645294,0,0.0229842531700494,0,0,0.0667230574084553,0.0373821876475514,0.0292590555738916,0,0.780882797280918,0.662941039555099
"21","SRC52_T2",0.0148324531704274,0.015918745446222,0.0145729992802902,0,0.0226961172346198,0.00464347786808178,0.0488852339318253,0.0628194771060598,0.00117938691869005,0.0436110131426886,0.0305254331115737,0.0403250213100725,0.0335151165286423,0.0844159274137666,0,0.0135837276325099,0.0537710425673646,0.152865038068049,0.211392228164095,0,0.0320500329781405,0,0,0.0553968810520136,0.0388011818223842,0.0241994652524837,0,0.722009134290933,0.693309536621209
"22","SRC54_T1",0.00255479649089666,0.00950060389755335,0.0177137133914076,0,0.0328062506950752,0.0182297819115882,0.0462501005530685,0.106622446914955,0.0466640443566921,0.0662813945329895,0.0451385993142965,0,0.0350033465543593,0.0111815753701106,0.0153263712537817,0.100794492684731,0,0.108829192939537,0.0411830116593968,0.0965694369978071,0.0669232712138947,0,0.0134119473816504,0.0888245959541267,0.0106120572935486,0.0195789686385332,0,0.701289414923005,0.76507792012903
"23","SRC54_T2",0.0193038789818688,0.00645451526697693,0.0354179561311157,0,0.0233718647180164,0.0178617123384806,0.0447032115850663,0.0660556934060947,0,0.042421891226148,0.0309862090878054,0.0289565461396704,0.0331382436080394,0.117532215137554,0,0.0455669473431824,0,0.131526620653374,0.186072811159494,0,0.0352712528872584,0,0,0.0666770910831796,0.0407243400747804,0.0279569991718942,0,0.274808649960185,1.03070986561855
"24","SRC55_T1",0.0118309537064808,0.0229155120286887,0.0230738264671349,0,0.014262620848478,0.0120242632381414,0.0638207113297326,0.154162145598431,0.0425434341101762,0.022663425754112,0.0519850273221115,0,0.034852769814864,0.06518119898864,0.0660657974448679,0.119760652707687,0,0.0961965621752961,0.0142597899480402,0,0.0523322595118411,0,0,0.0676502186916107,0.0135843750597414,0.0508344552539247,0,0.613405182929436,0.841503425465962
"25","SRC55_T2",0.0112413962870521,0.0539632349169503,0,0.00616969244546294,0.0232518365312253,0.00358250626435712,0.044386403177892,0.0534948452695496,0.0428198228670021,0.0279120736860293,0.035562293526819,0.0393881689960408,0.0152091138964659,0.0935925939522183,0.0294908962393003,0.0854908832934324,0,0.148278078045624,0.112243738239734,0.0329834921222615,0.0362020558364677,0,0.0120286000606682,0.0385540350478239,0.0341236857862042,0.0200305535114191,0,0.797704456424072,0.66577072818333
"26","SRC58_T1",0.00471232548441176,0.0084533020437068,0,0.00762164704458439,0.019856757090658,0.0165278719652318,0.0513452000085941,0.102540480478789,0.0515424884160371,0.0399698483961784,0.0784845078861519,0.0586776058137081,0.0379562962809139,0.0428879096153856,0.0382531298064655,0.108580521287079,0,0.0575770844136049,0.108182813352754,4.098451539172e-05,0.0381615443935797,0,0,0.0706285267440052,0.0238579481405376,0.0341412068222309,0,0.396379289604746,0.920471690022736
"27","SRC60_T1",0.00368150971183405,0.0161579902754114,0,0.0292874923032483,0.0176625814914272,0.00136452155159904,0.054673639475833,0.0851489462316917,0.0548307363963249,0,0.0806459801672576,0,0.0402590231358708,0.104446387193387,0.121820787816289,0.109989109630028,0,0.021590076203557,0.00096642152454306,0.0612228837095449,0.0487947155965959,0,0,0.101725413757163,0.014466548947421,0.031265234880973,0,0.423863168867213,0.918102448732589
"28","SRC60_T2",0.0112341248192005,0,0,0.0192974294787192,0.00946636233296873,0.0143555273880115,0.0647384811976133,0.057332172055233,0.0634702844038188,0,0.0873344451221603,0.0163531142642129,0.021101732012618,0.12086657095248,0.0952197807690337,0.0952470624355595,0,0.0672835295893846,0.0443044972459892,0.0254069242074696,0.0553108340113884,0,0,0.0687788220378789,0.0269173964165897,0.0359809092596702,0,0.502072995430695,0.883649302538271
"29","SRC62_T2",0.0214327815933867,0.086441895882981,0,0,0.0192102014166934,0.0180957709602942,0.0376182614641917,0.0828835108473115,0,0.0339596215726042,0.0247541538817099,0.0688014421145309,0.0266675827870267,0.0664354667165146,0,0,0.0524612592492602,0.122718538541376,0.212085611875028,0,0.0107402261458834,0,0.0254140560360599,0.0132116600459901,0.0501880367295657,0.0268799221395922,0,0.93232075217681,0.432135008518302
"30","SRC64_T1",0.00483830837135141,0.0532278515080757,0.0309390328690293,0,0.0256338271869706,0.00445612827107729,0.0468119747007641,0.0891019442293205,0.0106539879953045,0.00621032025316874,0.0350206310992467,0.0290011042664583,0.0242759485781342,0.0607661596351808,0.0328719911449192,0.0366316223597085,0.0133214158776133,0.100725595694636,0.209534882167266,0.00360837447752552,0.0544587876692789,0,0,0.0736757643403844,0.0314379448733731,0.0227964024312128,0,0.452174818592505,0.924832048134413
"31","SRC64_T2",0.0214318071626144,0.092307044846236,0,0.00107858903333097,0.0284844508586566,0.0141055439124465,0.027672901762927,0.0406716129212321,0.0249029739247552,0.0889366507370272,0.0396041521959438,0,0.0311849378716423,0.0699960195868509,0,0.0126606658811065,0,0.283476993676144,0.0553864527314213,0.02778346066766,0.0153243573993251,0,0.0810487566382475,0.00406629661340851,0.0221785202428804,0.0176978113361433,0,0.794650221775828,0.662670870022259
"32","SRC65_T1",0.0163701720017506,0.0297820195764165,0.0103643251126324,0,0.00883113211372608,0.0203493632929,0.0567417192472668,0.0903017966856857,0.0506010961998991,0.0586283767950869,0.0792058552212924,0.0145188631701208,0.0379382214151352,0.0601141935936362,0.0280691240817198,0.0809658462261779,0.0113027812061336,0.128623753788183,0.0832110526138095,0,0.0330292966757426,0,0.0226144275122972,0.0286560677515777,0.0195466603288829,0.0302338553899271,0,0.659630037315251,0.7871069949078
"33","SRC65_T2",0.0224121934500313,0.0457747186928175,0.0542458855064236,0,0.00836463348297454,0.0281837167500937,0.0715171696920964,0.0731295571544538,0.0472741415092581,0.0905384808730587,0.0653255087238681,0,0.00941246038942166,0.03774954490286,0,0.0382470592691115,0,0.237707935827876,0.0865938670315928,0,0.0205075340602758,0,0.0255906720588919,0.00232816205074995,0.0211942910115543,0.0139024675625902,0,0.760137417338664,0.701656449304313
"34","SRC66_T1",0.00829921509676228,0.0392399307737244,0.00917268915501106,0.00153930056205769,0.0256863179637959,0.01272568751969,0.0532646444989036,0.131087353456284,0.0356533599346938,0.0531476698292186,0.0563358431194601,0.0173635035070972,0.0318211370378534,0.0410570589869496,0.0308075904641624,0.106047723368295,0,0.122261560889249,0.0509608289680503,0.00347719848429869,0.0408774967774342,0,0,0.0656177539751117,0.0230445502414848,0.040511585390411,0,0.576409420581904,0.840698878938504
"35","SRC68_T2",0.02037916665653,0.0153503877803845,0,0.0197477399293074,0.0313833632781592,0.00884832746521884,0.0482513959343761,0.0742213373882136,0.0298489602655051,0.0597420086714298,0.0360351259989897,0,0.0499361443200236,0.0684171439725192,0,0.072405464224164,0,0.108673040306912,0.144994448517365,0.0227659513471965,0.0570768384488645,0,0,0.0790448574266336,0.0287738437054179,0.0241044543627893,0,0.47737212838068,0.883070528077256
"36","SRC70_T1",0.0317470510315219,0.0188390677081863,0.108549766972756,0.0280218274226373,0,0.0612949619568136,0.0358646361632335,0.178973330109492,0.00411106287942048,0.0140701857390186,0.0761605653595107,0,0.0288477108279352,0,0,0.118481137106207,0,0.087512831423346,0,0,0.0219393383628907,0,0,0.144968437147859,0,0.0406180897891713,0,0.250985937514851,0.973477213020131
"37","SRC75_T1",0.0155482485234054,0.037703158165109,0.0300736830931187,0,0.0193657732753492,0.0409370779070913,0.0750258173957622,0.0929801510160877,0.0323710488162273,0.0325941935956695,0.0583702625880527,0.0680430731910545,0.00690803513552078,0.0697035668422321,0.00990456703753574,0.0309855803157341,0.033167733962418,0.122312433031421,0.063608326375671,0.0130258212288414,0.0230820553444088,0.00739281241573502,0.0214921847205986,0.0519862696294127,0.0188996566521289,0.0245184697414147,0,0.606939401414073,0.826836670132091
"38","SRC78_T1",0,0.0105799193651406,0.0133342255016922,0,0.024223670632012,0.0175222523096578,0.0616739429607181,0.0919451190802694,0.0600789869424622,0.0116195913804271,0.0695242387955144,0.0472835459482406,0.00889672045284623,0.0716307052391432,0.0709467107530145,0.07707514348848,0,0.169788229705617,0.0283196506104124,0,0.0515707419256122,0.00677747158900422,0,0.0510965271521953,0.02114513534298,0.0349674708245601,0,0.45192584244518,0.896953622336881
"39","SRC78_T2",0.0164966908230537,0.0241039096062029,0.0262157295291276,0,0.0303193768113912,0.00672250646535999,0.0514601533936881,0.0759078263668903,0.0552534080767617,0.0252815340164348,0.0494242806541044,0.0131430407156006,0.0334494119573507,0.0545402485473467,0.0669033508191563,0.0662791153913746,0,0.23967209530874,0.00157058695550464,0.0238513615441625,0.0511039702660213,0,0.0090795559699559,0.0177187573356863,0.0309483434705526,0.0305547459755335,0,0.577851521817037,0.82992757034549
"40","SRC80_T1",0.0129467423034745,0.128082918063763,0.0129907949312287,0,0.0186003796537734,0.00145832411552472,0.0426181797904893,0.111811643584888,0.00396383961682984,0,0.0430301870631701,0.02263289936006,0.0454735888131879,0.0775016582672809,0.0262210956633419,0.0580408222578004,0.100386024850823,0.117243126654112,0.00357138461196648,0,0.0335192843370777,0,0.0621439487709954,0.00146037572837016,0.0266030657114416,0.0496997158504012,0,0.67475154212395,0.799018113393292
"41","SRC39_T2",0.0108952773098542,0.0145316744563442,0,0.0024684806737158,0.0281507341866107,0.00554489634404592,0.0262593790861524,0.0924384493861513,0.00716204599478634,0.0360678695170465,0.060908898694902,0.0138809687882579,0.0344102178342743,0.091192039913082,0.0604036369288557,0.1302151019474,0,0.174865879236107,0,0.047710610564768,0.0305283065863436,0,0.035963511247138,0.0687346885501732,0.0130588528949292,0.014608479859062,0,0.646413531694805,0.79796741253265
"42","SRC41_T2",0.00224394611029799,0.0250771821439564,0.0273931016556781,0.0326002242476068,0.00515944421298118,0.0071330907909531,0.0808387830552652,0.0452451801993884,0.00882159040827255,0,0.0544001654947959,0.0660500183285582,0.0530103737696241,0.128247005895196,0,0.095594631695474,0.0170232668816225,0.0595158231917365,0.12040568694939,0,0.0567611513245247,0,0,0.0658179298042632,0.0161681308096726,0.0324932730307424,0,0.551040403871821,0.837043744786389
"43","SRC44_T2",0.00227222019360992,0.0172412328656258,0.0363034762763756,0,0.0225699804097952,0.0169318951153602,0.0423392054769364,0.0574548421617854,0.0294698638644721,0.051462934377022,0.0667176607325388,0.0321396084579657,0.0173207446241069,0.0713125386576696,0.00534386961535989,0.0635015577600311,0.0235442690236525,0.0345586735848245,0.218287597893,0.0344657356070259,0.0307512225855027,0,0,0.06643971001394,0.0367673742158163,0.0228037864875833,0,0.743445522858451,0.669426142120127
"44","SRC46_T2",0.0235323357002902,0.0170144731529032,0.0338746074857133,0,0.0283527573707227,0.011270514137609,0.0346608340491307,0.087146155266826,0,0.034447932930267,0.0328303784764023,0.0200431313486347,0.0250430017738277,0.0660503937366126,0,0.0102728991432291,0,0.2371099844902,0.194904272896927,0.00163590867066905,0.0178384995458391,0,0,0.0698633213619779,0.0380273866564846,0.0160812118057336,0,0.777935073614795,0.635050134361402
"45","SRC47_T2",0.0202327022715729,0.00186123199338526,0.115078313162414,0,0.0257611165571601,0.0492841440441279,0.0151234116377981,0.190428611320283,0.00890356774049024,0.105585718770006,0.0606585220787006,0,0.0211257361050792,0,0,0.131018012171454,0,0.0293583298591908,0,0,0.028336353686407,0,0,0.150897047986557,0.0034349775379293,0.0429122030774449,0,0.237542488345206,0.974328788271982
"46","SRC50_T1",0.0108991780988475,0.0119807237972117,0.0379610375196744,0,0.00925101599472849,0.0532636850024793,0.0567605766087999,0.169392244929655,0,0.0311084849923436,0.0303888982628963,0,0.0454021299704426,0.0373503823824254,0.0564147208212182,0.0977427445831565,0,0.08272876544771,0.0203977535326293,0,0.0278013216767169,0.0207240566400054,0,0.153624724592019,0.011892362241668,0.0349151929053725,0,0.304381616219311,0.954668958518852
"47","SRC51_T1",0.00187216372324534,0,0.0125144755592644,0.01708146060974,0.0263382219888432,0,0.042596836602538,0.124686286540851,0.0380703641411119,0.0962740526131224,0.06577619755731,0.0271670055152981,0.0315186208682539,0.0194624163495989,0.0205971265892753,0.0998705583906054,0,0.0297526364785077,0.147385145151043,0.0223566912067094,0.0485703702331238,0,0,0.0822973953595213,0.024656438255144,0.0211555362668931,0,0.600760029035528,0.800987690495469
"48","SRC53_T2",0.021667093598959,0.0159456277571545,0.149473174250327,0,0,0.0735743932310069,0.0608696977198533,0.168239898597084,0,0.0307085250064854,0.0394724196885904,0,0.0135879017081489,0,0,0.1297353839042,0,0.0440923329492305,0,0.00055343477027274,0.00886404093025487,0.00668567289716367,0,0.185233757302875,0.0099410126698813,0.0413556330185132,0.002,0.207561991186256,0.985170220086342
"49","SRC56_T1",0.0142086362708594,0.0603616680795809,0.00833730534230318,0,0.0320481754825772,0.00449259001645922,0.0318805951284055,0.0941935670270137,0.00859224177959242,0.0738087031996099,0.0308563262254135,0.0341745194959275,0.0243573252518515,0.014809572807785,0,0,0.0322086429872769,0.161226639556946,0.211593097399273,0.0119515969550277,0.0150567002156528,0,0,0.0719961762612269,0.0505349359221658,0.0133109845950527,0,0.874982399526085,0.512108969603899
"50","SRC57_T2",0.0149178625760526,0.0151364719894274,0,0.00281699092487341,0.017469111761849,0.00710451984317819,0.0436609011944578,0.0641586864056701,0.0659990405226491,0.0675441716865722,0.0519168585303467,0.00672250456912161,0.0455174576395852,0.041141546558355,0.0610408055276659,0.0773037662098043,0,0.18662284197363,0.0950473602911756,0.0116730087495818,0.024340508459138,0,0.0226801995534831,0.00707234281230914,0.0442279415546253,0.0258851006664485,0,0.75742169254708,0.706305766168424
"51","SRC58_T2",0.0241971089452969,0.0357643335000177,0,0.0032515287337272,0.0357841440722741,0.00119118080249528,0.0326740029767176,0.0532370728099831,0.0221031191016118,0.0576054563478268,0.0287118391546452,0.0186706941381868,0.0288921559974365,0.0924692344402914,0,0.0280128559850617,0,0.0922011928578939,0.240354304059386,0.0413424905858339,0.0203243573825005,0,0,0.100309004353088,0.0312530512411485,0.0116508725145771,0,0.890726968800814,0.470545187125829
"52","SRC59_T1",0.00217283669206686,0,0,0.024296164874427,0.0247226673059127,0.00656226725823132,0.0438245411891755,0.0766227352137908,0.0881409762650415,0.0408175716883199,0.0701897983203306,0.00491378646189557,0.0532124021398525,0.0730364548599047,0.116965739222118,0.146198049410866,0,0.0469587303891845,0.0205694969344586,0.0092579147045652,0.0393938010295044,0,0,0.0661056752058542,0.0198005227748125,0.0262378680596876,0,0.449489138357388,0.908485567370513
"53","SRC59_T2",0,0,0.0488252378332142,0,0.0199893740539438,0.0448018080334227,0.05103398061293,0.151680454969416,0.0189912448568094,0.0887765655654405,0.0435782938630244,0,0.0542676651517559,0.0314415118570675,0,0.109809438402647,0,0.046123227510556,0.00183550070459476,0,0.0282614626374985,0.0485017885962554,0,0.159860208731862,0,0.0522222366195613,0,0.225655144384894,0.977747122553022
"54","SRC61_T1",0.00159206844443735,0.0101772485853007,0.00265525834613074,0.00898604961617733,0.0146361198976534,0,0.0687873405147451,0.0900479320684554,0.0653561815235353,0.00066115822587622,0.0806379684006066,0,0.047145499883468,0.114814180441364,0.0701672569821913,0.136861892053382,0,0.0640678684348445,0.00201444253432088,0.0560662821636156,0.0489067226704008,0,0.00368743123734003,0.0730209014781522,0.0131778091293852,0.0265323873686175,0,0.566231124809323,0.863092571925222
"55","SRC63_T1",0,0.00788793925490754,0.019844845944153,0.00249421238725809,0.0300500279134176,0.0194819832442098,0.0480986309237057,0.0728967107548063,0.058721039208648,0.0369830147693967,0.0737135035662132,0.0242956010212624,0.023415429894435,0.0672824205505105,0.0417291514248245,0.0632413478684092,0,0.0854041198613259,0.132781550826564,0.0229345902361655,0.0334384658106568,0,0,0.0799734874055622,0.0331891903580151,0.0221427367755534,0,0.51193058986085,0.859279854097199
"56","SRC67_T1",0.00553030128865154,0.0372082086190689,0,0.0182778256596508,0.0108934210666646,0,0.0559560374799155,0.0798576523422398,0.0526240927933519,0,0.0851767691569125,0,0.051191813768895,0.108449964719047,0.035992259784502,0.124039802987821,0,0.139147455351469,0.0134951234656452,0.0117541559692936,0.0659430659624682,0,0,0.0626863223311295,0.00712950126777073,0.0346462259855028,0,0.603974673090445,0.836172487669437
"57","SRC69_T1",0.0080190554987957,0.00519974654315486,0.0231045168143617,0,0.0268454877019943,0,0.053443678155981,0.0903013056386335,0.0776871253302333,0.0933726380998655,0.055836471774022,0.0212832651948455,0.0297684999493411,0.0487653602017269,0.0380109888554472,0.0943988765362775,0,0.0890146128592523,0.0628070452211568,0.0343783295588707,0.0509408748169498,0,0,0.0524162318023174,0.0210967815755686,0.0233091078712042,0,0.411477256850301,0.912327324740663
"58","SRC71_T1",0.00396006451343441,0.0241412892586509,0,0.0240673953576374,0.0277287208953529,0,0.0431014155813066,0.0879975402368314,0.0289271798637476,0,0.0534368058425248,0.00336931202354752,0.0701703166289561,0.0955921310819608,0.0728467983210976,0.0889438992745668,0,0.127307875822137,0.0339439023849252,0.0508917037260296,0.0352702723060932,0,0,0.0832623487601933,0.0214431643417278,0.0235978637792788,0,0.696471581297902,0.785559091958889
"59","SRC72_T2",0.00531696034605206,0.0693775840901654,0,0.0232209109515561,0.0295104025553714,0.00442242185735415,0.0440247347983155,0.0447652829462923,0.0210439089199821,0,0.0685669232615764,0.00055914556214536,0.0323930828013972,0.126954916270134,0.0305275932269123,0.120754044675878,0,0.126958612885994,0.0797302677841384,0.0214765063856501,0.0490116102702626,0,0.0297679758271058,0.0518667357931956,0.0102562926459111,0.00949408614461029,0,0.64735803229467,0.785852381559885
"60","SRC73_T1",0.018771256273617,0,0,0.0389901602943585,0.021135598525367,0.0267442938092438,0.0452520658166956,0.0719915436622354,0.0504737610884939,0.0337951649197377,0.0734572870053787,0,0.0314937868678809,0.0987738740416299,0.0258217572866576,0.0873947949059518,0,0.0521939280654133,0.0658801510455431,0.0555567864223758,0.05828608112068,0,0,0.0943792993573867,0.0129821504692446,0.0366262590221086,0,0.531939727260896,0.86167555352752
"61","SRC74_T1",0.00596656162588206,0.0439663042903417,0,0.00246913302345524,0.0186888689597751,0.0124310042943715,0.0492335052419077,0.0610457606567913,0.0206770251069967,0.0377135616930646,0.0744949652964388,0,0.0428111305111039,0.112913062733978,0.0336689272162393,0.0591713949895786,0,0.125579934888401,0.134876289819672,0.0286179483704529,0.0330210954632741,0,0,0.0458282569762943,0.0264920165623261,0.0303332522796551,0,0.837568192366216,0.626921824371275
"62","SRC79_T1",0.00856483843077737,0.00969214966429791,0.0020045986469682,0,0.0270166832258016,0.0143640398838605,0.0543723327202282,0.0713690158204089,0.0147126059385598,0.0687269181862156,0.0432893657829893,0.0256845013922522,0.0253424641097122,0.0722113989671308,0,0.0529924123522975,0.00362953484776232,0.0604790732531581,0.242974995355575,0.00978802305186925,0.0687929500427389,0,0,0.0809088982205069,0.0251129087808452,0.0179702913260445,0,0.769081888177762,0.639595059198602
"63","SRC80_T2",0,0.0137449117475315,0.0882370910076106,0,0,0.0857724893712493,0.0660096175403926,0.152285911731366,0.0596133482008852,0.0852292726995255,0.0288420226387355,0,0.00136877626300214,0,0.015204260853679,0.118100333460804,0,0.0792844121124079,0,0,0.0278352990577082,0.00403676717511636,0,0.0817083307131628,0.0604046547285758,0.0323225006982474,0,0.223719007117702,0.977685509483297
"64","SRC81_T2",0.0376373521931367,0.0302955771758873,0.027056976120108,0,0.03035817990469,0.0124640966980813,0.0327062073395643,0.0528934177005334,0,0.0944404067389437,0.0346171048340123,0.0366072076271574,0.0133956278887935,0.0745753823857068,0,0,0,0.22498319328131,0.171166982172921,0,0.0139136176415312,0,0.0116323618876948,0.0259797470758643,0.0621289425995663,0.0131476187344983,0,0.873691560007916,0.542714457653059
"65","SRC82_T1",0.0109291264529131,0.0211959288739132,0,0.0121348877497556,0.0275878264410673,0,0.0453093530919552,0.0592202405292384,0.0179645870637184,0.0823703360624396,0.0367230025747785,0.0305993956681662,0.0574217962794477,0.0702114386269998,0,0.0658766527209567,0,0.143347389746607,0.0950983725385639,0.0452602558522189,0.058814812830013,0,0,0.0616901846406989,0.0312754388645232,0.0269689733920255,0,0.567481045271712,0.829446462869022
"66","SRC82_T2",0.0227695387054107,0.00859300736029436,0.0129281201975805,0,0.0352344070754955,0.00468490696927186,0.0381667205232365,0.0617891001098855,0.00172581906185192,0.0605480041171127,0.00374036010208189,0.0531932579421326,0.035743629209724,0.0589572532093992,0,0.0155974929955613,0.0126063497971156,0.14444045733281,0.232681610707598,0.0414618632142603,0.0222014706609868,0,0.03124019829902,0.0525254236514555,0.0386243203422078,0.0105466884155069,0,0.909545263111197,0.437584703388656
"67","SRC83_T2",0.00556178915941149,0.0159521401047394,0.0779524130164347,0,0.0187230004662239,0.0355471762755091,0.0275564729953355,0.0969565037820389,0.028531030857341,0.0579720313125017,0.0852225136345885,0,0.0395049341993744,0.0335331196461114,0,0.0613425332418391,0,0,0.00442602766413793,0.0618470237710826,0.0243633186287806,0.00234053882819061,0,0.271414406454945,0,0.0512530259614142,0,0.280138470899437,0.960955387250465
"68","SRC84_T1",0.0166440793348994,0.0128716955340628,0.015981583163442,0,0.0236093550962144,0.0176828182872576,0.0391280382657534,0.0838766245036009,0.0211829027817952,0.0420271835452408,0.0351621763041019,0.0434337893846633,0.0253328426123939,0.073020334020039,0.0283491241033671,0.0244913781225841,0.00591521260649427,0.129892825725531,0.179319807271583,0.0403874965630412,0.0350512585780698,0,0.0201034878364843,0.0229308081809552,0.0406593661892033,0.022945811989222,0,0.249322143239011,1.04113347584037
"69","SRC39_T1",0.00580781478524255,0.0230592682395452,0.0519885703666611,0,0.0133544516268803,0.00471441833962798,0.0510440641987938,0.0804709712413932,0.0509580328222856,0.0648495946523668,0.0955149263765833,0,0.0566248933689398,0.0464893975384019,0.0226476612221553,0.108542937978306,0,0.14417857995876,0,0.0329033374243321,0.0565965879331995,0,0.0159001698790363,0.042881402179336,0.00547665361582175,0.0259962662523322,0,0.567766653719737,0.853186187235626
"70","SRC41_T1",0.0290350372333645,0.00923188765928353,0.0196917029047136,0.032718955485378,0.0126131666602153,0.0125603574038414,0.036988914028041,0.119923239031654,0.0366280193333905,0.030257660993395,0.0723903095791654,0.0165969157046334,0.030771140852959,0.051795170646407,0.0735481498593386,0.105047941825806,0,0.0831934615726354,0.0238453929452774,0.00135216726244653,0.050687837816635,0.014999469025801,0,0.085861405595581,0.0121632973763373,0.0380983992037002,0,0.291512494608125,0.957031080867362
"71","SRC53_T1",0.00751793694766049,0,0.00246342407798191,0.0233859580397889,0.0194439108525534,0.0200035069010315,0.0628979199781722,0.0293331354221852,0.0335828429160343,0,0.0810700543915244,0,0.0639137978085897,0.144638709392016,0,0.108168789847631,0,0.0866299966643103,0.136396023426782,0.002401825688629,0.0406647115310331,0,0,0.0726299653990033,0.0284867595738466,0.0363707311412268,0,0.710271076406547,0.724468328971773
"72","SRC62_T1",0.0224037113947954,0.072722672040273,0.0228659047044143,0,0.0340140952259767,0.0132769630997811,0.0545945423126726,0.115765164264113,0.0110109738782558,0.0458274627967736,0.0530186066553059,0.0176733328543258,0.0360638929100748,0.0664995730394341,0,0.0723085104891428,0,0.1481442115486,0.0507786895233947,0,0.0363051501672379,0.00902401676161572,0,0.0353372503662547,0.0456976725245201,0.0366676034430386,0,0.691691167920883,0.786407849120429
"73","SRC68_T1",0.0131569212527343,0,0.0178886179869182,0.00414524803365108,0.0373686826257131,0.012519399664826,0.0474556977287118,0.0736689009567775,0.0449156493746345,0.0352137805503164,0.0368498520570446,0,0.0509195038773992,0.067093895648074,0,0.0828316403312802,0,0.082653085713098,0.127414433807648,0.0272654168893015,0.1048543726593,0,0,0.0674110828880767,0.0360296942963034,0.0303441236581911,0,0.456370510774783,0.892216169142096
"74","SRC77_b_T1",0.019575117904717,0.0290036969718027,0.00111885364377652,0.014246948203904,0.0163773328561482,0.00620014496368866,0.0548912767692004,0.106450276805499,0,0.0116071801177065,0.0538814182689222,0.0293712489673611,0.0643253219968581,0.0634179845409714,0.042881098876939,0.125308053128748,0,0.0906250057149845,0.077094403304529,0.0194382115147237,0.0556983153427248,0,0,0.0712381479807091,0.0164767451598348,0.0307732169662517,0,0.553616464784967,0.842739598572147
"75","SRC81_T1",0.0107503747113406,0.0357725315406401,0.0223951407334435,0,0.0200827083370854,0.0288536888797503,0.0440680496274815,0.139757342256977,0,0.053924933310798,0.0277835618533267,0.0245663564756709,0.0884394963226815,0.0579204540795335,0,0.0470005357049958,0.00206001507026914,0.0522646271495629,0.0185356363136542,0,0.0240674240157081,0.0509264791761036,0.0494180476815514,0,0.177672461771575,0.0237401349878517,0,0.614694654357264,0.842314236893075
"76","SRC35_T2",0.0124549158659667,0.0268528911963098,0.0106237309366807,0.00937232274290137,0.0193022178484334,0.00047203865945049,0.0573141942148232,0.0927055810589047,0.0015007569169552,0.0516015983849061,0.0528166536410416,0.0197998029115835,0.0408315160889253,0.0857387502654997,0,0.0888126782265149,0,0.147543768605456,0.106771750784353,0,0.0653282844158327,0,0,0.0531869626341719,0.0269389046121197,0.0300306799891705,0,0.281020324112102,0.985167676525218
"77","SRC43_T2",0.0549671321110361,0.0199072270768019,0.0766569970285819,0.0030696771401558,0,0.0503519003320048,0.0481152519745146,0.138830439885106,0.0215862904771314,0.106579311174112,0.0495769786934664,0,0.0355803692631333,0,0,0.102622642061425,0,0.0164734436204093,0.0223156588557462,0.0162375698531731,0.0315757108714923,0,0,0.156216504879559,0,0.0493368947021507,0.002,0.212649739100209,0.980089186463126
"78","SRC70_T2",0.0245491020936437,0.0399116917690974,0.0230086325658797,0.00796564738623366,0.0259375528815723,0.00661689220810886,0.0251828551678728,0.0702660590315357,0.0123307342008591,0.0270282474907011,0.0441117512923044,0,0.0295457626878834,0.0755714654831861,0,0.00885440030963712,0.0253346706496187,0.214714115875726,0.182584225939841,0.0214105713515959,0.0272340084663352,0,0,0.0532343618088263,0.0406812035532992,0.0139260477862421,0,0.857606277139984,0.54434824440471
"79","SRC34_T1",0.0208630191390105,0.0215943091285401,0.0257466237084901,0.00186582720759974,0.037937834249092,0.0140449195251957,0.0166927427278559,0.0633662898803281,0.0122327203523441,0.088775645051086,0.0177068576014201,0.00656693222649174,0.0262657352002417,0.0634864396655792,0,0,0,0.147411000985525,0.201952950573004,0.106838793674151,0.0114082153390712,0,0,0.0732713031848802,0.0338943313176563,0.00807750926243673,0,0.897759680688363,0.477290278557524
"80","SRC42_T1",0.0138763937748629,0.0113822076115749,0.0970449295279883,0,0.0159920006549591,0.017164163313714,0.0320960169313817,0.145392687763334,0.0217130810674387,0.0259487706550833,0.0427185051969718,0.00493376867669869,0.0606604751169256,0.0454041648742642,0.00379308004149326,0.043346709092454,0,0.14344780213315,0.036190430740968,0.0203669972253004,0.0369711910307081,0.0156877449121319,0.0527914343231942,0,0.0881412304580041,0.0249362148773997,0,0.338715427338771,0.943145231174012
"81","SRC47_T1",0,0,0.0458760850503064,0.0154421776368776,0.0370724540583143,0.0321153979985144,0.0352906690985674,0.0928346593443424,0.0406034272321895,0.0881576484269461,0.0467025083725556,0,0,0.0153020137520822,0,0.0749429227157414,0,0.0691915514337793,0.215288128084819,0,0.0614167604345752,0,0,0.0706246015067572,0.0362452441578847,0.0228937506957475,0,0.694542979472743,0.720156707829238
"82","SRC57_T1",0.0236047595156829,0.0140442055057301,0.0848393851576698,0,0.0129026436882072,0.0271680926579657,0.0243436018032842,0.090902522066933,0,0.0888051419936238,0.00380397788558827,0.0354172567594335,0,0,0,0.0110841825552861,0,0.0567694028552389,0.357242816939179,0,0.0044811478903322,0,0,0.070721960985624,0.0189641281486683,0.0749047735915528,0.002,0.206041450059039,1.29930012178107
"83","SRC72_T1",0.00054643294164384,0.182262762646406,0,0.0326020082057291,0.0148844508788817,0.00175824075055733,0.0212441423215485,0.0757167235432698,0,0,0.0729326996786994,0,0.0258877874273129,0.115297568210194,0.119293796147575,0.10797881485965,0,0.0215059267276086,0.0322240820108734,0.0306757102606314,0.0525975742733717,0,0,0.0644438368199236,0.00513312217002521,0.0230143201260987,0,0.606190866096092,0.845322381845207
"84","SRC73_T2",0.0186090444645299,0,0.00170906121515401,0.0345390549123249,0.0258019428562641,0,0.0544124337784837,0.0457316254689062,0.0736127250827624,0.00126294003718328,0.0892554589101311,0,0.0543449818204521,0.101722816737294,0.0400661575831589,0.130476887855503,0,0.0481830575062581,0.0270160267621411,0.089184772174335,0.045726823577641,0,0,0.0679343466097148,0.0218573576062082,0.0285524850415542,0,0.321570719966336,0.947120726908063
"85","SRC76_T1",0.0220184404555535,0.136834864054493,0.0199702964717001,0,0.0176224323818166,0.00027570708287297,0.036078848152766,0.0763865500334596,0,0.0617613195745897,0.0414129958585667,0.0224414190259647,0.0245842487463442,0.0722543502757454,0,0.0117980011828321,0.0095722080902082,0.149353111576635,0.144428387733329,0,0.0153495838778971,0,0.00412895419070988,0.0157594042711322,0.0554767088733376,0.0624921680900469,0,0.896505271416382,0.570909838320606
"86","SRC217_T1",0.0148460192570398,0.030523411148795,0.0386065886010019,7.821848806118e-05,0.0127680505317,0.0298205851656219,0.0478507298799261,0.151071644525199,0.0146460144132971,0.0380192023642716,0.0700124250250689,0,0.0307171103804392,0.0298565503974793,0.032511611267248,0.0867019167513231,0,0.183705546236395,0.018463086544689,0,0.0419315870745873,0.00141652763561383,0.00048926519948938,0.0770949001173981,0.010096466041748,0.0387725429536077,0,0.695310692103162,0.780183649452821
"87","SRC217_T2",0.0203960250303387,0.0342455269924893,0.051847983582711,0,0.0268069328468525,0.0112469550208024,0.0311089409185425,0.0835452310998985,0.00702494256763729,0.0847601148716518,0.0287280137203245,0.0311183721926079,0.0298045136686285,0.0550275766735433,0,0.0229118039461323,0,0.170856155885453,0.0788128056029949,0.084685556240403,0.0157095677529254,0,0.0227052272756779,0.0629096560453483,0.0252958755129413,0.0204522225520956,0,0.857922639227664,0.635300331425194
"88","SRC218_T1",0.0274046474727532,0.00424843498104653,0.126514271921554,0,0.00242604174338758,0.0680594152048883,0.032353862461264,0.163900652450188,0.0115080908499006,0.0624852493072612,0.0737813239951987,0,0.0082961285675345,0.00021237483046306,0,0.114176010904788,0,0.0534910976564499,0,0.00082343642026935,0.0159269006836846,0.0144865312423971,0,0.16889913642985,0,0.0510063928771222,0.004,0.170026691401843,0.99546291992684
"89","SRC218_T2",0.0116800776371102,0.0121072790656925,0.0252794849301685,0.0149885641743289,0.0313672358089999,0,0.0308878160279501,0.0853424132191105,0.0827727627564865,0.0571975010499872,0.0517478527209523,0,0.0390549175454403,0.0345997225265133,0.0003678680206617,0.0304045150801848,0,0.278191952064387,0.0738858612952568,0.00481507735876924,0.021348970692098,0,0.0326305107210127,0.0273966266086919,0.0316120488128827,0.0223209418833152,0,0.722189085218462,0.71954399207932
"90","SRC219_T1",0.0121661531297337,0.0323382325581657,0,0.00666348364152501,0.0207634136844794,0.0147693763339474,0.053550947154015,0.0529922394650005,0.00064731723682188,0.0359608807237281,0.0511519682067689,0.0179185044949621,0.0337271956334687,0.124752586714873,0,0.0810916552465412,0.0066793717023061,0.152138036143253,0.128166263147196,0,0.0613505319570378,0,0.0220428232940904,0.0249503092676543,0.0326649038239728,0.0335138064404592,0,0.714369173634382,0.720803559687766
"91","SRC219_T2",0.0255718161600168,0.0317710480753535,0.050099467958843,0,0.0241787287568011,0.0130593127244616,0.0240976907454075,0.120555582818017,0.0557434645029513,0.0704284741727688,0.0471783625993115,0,0.0244447780009722,0,0,0,0.0208464859294362,0.305574649789925,0.00103142191043282,0.0636526217347353,0.00029320386447645,0,0.0666953765709096,0.0130713617661813,0.0300942636784885,0.011611888240511,0,0.833036458470514,0.610828077404793
"92","SRC220_T1",0.00455254439483125,0.0258302414210789,0,0.00324929836626523,0.0259754714361012,0.0323462056850476,0.0603374115435617,0.0476059960671799,0.00256382181238243,0.0648904008792495,0.0437117614597734,0.0264637410998141,0.0169334078203277,0.106713667663549,0,0.028676738161237,0,0.1206797175158,0.218025968371075,0.00221403809352082,0.0286176751972258,0,0,0.0899644666508725,0.0252249178141793,0.0254225085469282,0,0.877615301408698,0.508311245168562
"93","SRC221_T1",0.011862094687049,0.0181712668629963,0.0158322306596611,0,0.0213097581767161,0.00981946491612583,0.0495077973863088,0.071194668225397,0.0317433063108461,0.112208288762062,0.0476825816947248,0.013594213099942,0.0136534702578999,0.0443373956140072,0,0.0580113335576512,0.0185792904619461,0.0841713326480013,0.229112452311797,0,0.0365947794395382,0,0,0.0632987890241335,0.0319923279090121,0.0173231579941847,0,0.875384759390878,0.500100699761598
"94","SRC222_T1",0.00498440157903076,0,0.0153977916838447,0.00880760647471996,0.033844333460037,0.00377610808080852,0.0506783867461404,0.0717877567314319,0.0287766859933046,0.11416630105941,0.0474684136580308,0.0260699348600765,0.0208612662132829,0.0465153219455586,0,0.073504289299881,0.00262467610234777,0.0160255680505084,0.202279605121381,0.0324573769805297,0.082417472977332,0,0,0.0782515433724232,0.0222382761854163,0.0170668834245041,0,0.728454768161168,0.687111688151557
"95","SRC223_T1",0,0.0232820345658428,0.0580284286456066,0.0240821175087577,0,0.00702335331547763,0.0699317487155996,0.0744652388665985,0.0811810570461771,0,0.105716238373376,0,0.0377333360833434,0.095841723079742,0.031442733092352,0.158852499132308,0,0.0526785000942705,0,0,0.0779917620906859,0,0.0418039045382546,0.0239536345354607,0,0.0359916903161481,0,0.576183938270806,0.866382277344473
"96","SRC223_T2",0.01402766794127,0.0781568618347175,0.047362983220781,0.00054110703921666,0.0161736397193424,0.00355345440596382,0.0638336186353015,0.0786017534277351,0,0.0080503001119352,0.0572361002431127,0,0.0377409589177901,0.0796975892012913,0,0.0581934388456007,0,0.217789466925482,0.0981792745771855,0,0.0466060998327384,0,0.00612059548931695,0.0348881871366574,0.0261360527270843,0.0271108497674774,0,0.745575854854845,0.706004799887543
"97","SRC244_T1",0.00163566492287513,0.0156124768120763,0,0,0.031824433330085,0,0.0498513973737541,0.0944338029859206,0.0131965539463196,0.0920126395612326,0.0391698963992654,0.0244589668618069,0.0367117926271592,0.0730660723272552,0,0.0477100439778442,0,0.125174936319218,0.187703815320817,0,0.0348979839322552,0,0,0.0690904334099222,0.0380649063007259,0.025384183591468,0,0.319683750673721,1.0041709462357
"98","SRC244_T2",0.0163617314598108,0.108022605380447,0.0260566854609331,0,0.0245981773568615,0.0093911203351772,0.0347020181268695,0.0783046335954231,0,0.0475418457297272,0.0171518733114817,0.0149540033704526,0.0271697221467033,0.0742899116552105,0,0.0250608948258695,0.00131386123874997,0.16697818449185,0.184537835191629,0,0.0319187492355003,0,0,0.0440564012876307,0.039845368817167,0.0277443769825058,0,0.886369603500328,0.52076870494803
"99","SRC245_T2",0.0330513960589734,0.0419315129014469,0.0240714363862366,0,0.0249341695767164,0.0164378221723459,0.0297080516563903,0.0812836384947572,0,0.0474756504644657,0.0229402642619831,0.0219783916257297,0.0353064167981662,0.0762561810242345,0,0,0.00287763723701756,0.229447078640787,0.165092374821608,0.010553231169528,0.0133499336753152,0,0.0183941350947991,0.0408607600868608,0.0433475002216926,0.0207024176309466,0,0.914246337906254,0.491050447984895
"100","SRC246_T1",2.582269693112e-05,0.0178800768389948,0.0289258218921399,0.00575346141342183,0.0118732021004725,0.0275862993124998,0.0890636292127372,0.0641054234386662,0.0465356211170686,0,0.0777245954327733,0,0.0491687835326925,0.125304755198864,0,0.120903522233285,0.00507549908044094,0.0345235627666987,0.0909740564213564,0.0184246277440662,0.0447687804968829,0,0,0.0909634247140411,0.0184312447245518,0.0319877896314158,0,0.65666283337215,0.788090594488298
"101","SRC247_T1",0.0188006337509913,0.00714159925870582,0.0460237650034513,0,0.00592343598754552,0.0417634140052048,0.0622890016217632,0.15664510199975,0,0,0.04356696605722,0,0.0431290117992207,0.0668379319107427,0.00783887350120655,0.127854610883443,0,0.10041782018041,0.0419877736711826,0,0.0593338817195244,0,0,0.0989537162548963,0.0236247601389835,0.047867702255758,0,0.368250376391803,0.931792660048963
"102","SRC248_T1",0.0126637656846099,0.00526977420973332,0.0087269378055447,0,0.0253121737313322,0.0237232320988857,0.041614721470655,0.0671115987873373,0.021665361311223,0.060565579380629,0.0716327945300138,0.0115476595701072,0.020840707524751,0.125729926101565,0,0.0762013904218883,0,0.0977527397753069,0.134540380012746,0.0023230031263467,0.0473360931568218,0,0,0.0875307823267551,0.0337482038726527,0.0241631751010955,0,0.782998637520447,0.674751334352478
"103","SRC248_T2",0.0209824328984048,0.0795811775925975,0,0,0.0236212867664695,0.0152911448851462,0.0371741833078022,0.0440303970389896,0,0.0444149941760932,0.0411714019785216,0,0.0297246123024313,0.103667119231056,0,0.0196130408297403,0,0.202463588195899,0.213002075437673,0,0.0239805607584757,0,0,0.0375660630138422,0.0497312498296378,0.0139846717572195,0,0.916130753039678,0.441738620720857
"104","SRC249_T1",0.00648567254347437,0.0151730702513679,0.0354930896816074,0.00964372202022114,0.0151210395599656,0.0319200448068124,0.0525909788653753,0.071881529727214,0.0231263648806384,0.0572665317633077,0.064730750446301,0.0257018627026701,0.00646014446668372,0.0469569460544048,0,0.0581585823167396,0.00094549528951218,0.052001658848999,0.237127034715649,0.0225496996482642,0.0474606667623674,0,0,0.0683430396287372,0.0358139901756408,0.0150480848440466,0,0.817665749272097,0.578481960385988
"105","SRC250_T2",0.00851850302162244,0.0281587346583008,0.0134248253933978,0,0.0266102553794006,0.0192604846159664,0.0458877783505491,0.0991231738480421,0,0.0534752497541176,0.0268504373751222,0.0213105958608351,0.0196693836483131,0.0565687788462101,0,0.051501725536227,0,0.119382643906744,0.175650072930224,0.0595280843562836,0.0370303109415041,0,0.0147273850926348,0.0636755085710403,0.023787944638034,0.0358581232754302,0,0.416012344786442,0.939782777021602
"106","SRC253_T2",0.00649155485760951,0.0179223130370567,0,0.0119555000252512,0.022228975055749,0.00303616801779128,0.0436705770106324,0.0663204599964764,0.0365522451890761,0.089154581894129,0.0552011474883073,0.0321516613263892,0.0240597539949354,0.04954802271634,0,0.0921296037372233,0,0.0829116429205631,0.186566651530176,0.0075132122521246,0.0388125659945181,0,0,0.0814586233949765,0.0276544542709687,0.024660285289706,0,0.621017555992767,0.784896072945923
"107","SRC254_T2",0.0219008317910944,0.0193739730976215,0.035104150579054,0,0.0250933862610098,0.00678359585035883,0.0238882020978873,0.097758444975059,0,0.038002647534661,0.0211190043099237,0.011744219794715,0.0292447245443826,0.0622406907950278,0,0,0,0.277795425811255,0.217112675211737,0,0.0154662492283834,0,0,0.0519901172734165,0.0261256420731726,0.0192560187712399,0,0.861352476579192,0.518023511281431
"108","SRC255_T1",0.0126764393232102,0.00453362919023547,0.00142828478354129,0,0.0356727377482107,0.00222658164359459,0.0402130485989877,0.0594911940067557,0.0401186915159068,0.0735824103962958,0.0561095282929583,0,0.0278461157393334,0.0582037287823999,0,0.03084740323951,0,0.115813268651097,0.211820884050072,0.0771525929612664,0.0249270568303573,0,0,0.0824590936736662,0.0349704222395408,0.00990688833306019,0,0.845568383971212,0.54858921475725
"109","SRC256_T1",0.0075173326691864,0.0591061596874741,0.0384094718212101,0.0192806660870068,0.0003825598111316,0.00826965707081589,0.0717194485275741,0.150996275104023,0.0234882424910711,0.0233600501504795,0.0694876025464771,0,0.0593133660221467,0,0.0394226611366308,0.122188870476402,0,0.1492652565112,0.0158444719664899,0,0.0373675085128433,0,0,0.0490277856132199,0.0170122262905314,0.0385403875040869,0,0.673215709427702,0.800719271484113
"110","SRC256_T2",0.0149863534255616,0.0619899162379747,0.0158163175320831,0,0.0173493192528565,0.00741673463944636,0.0545310065313103,0.109522090653171,0,0.0175713683337532,0.0597326900183656,0,0.0452665091363763,0.0687977852776336,0.0161414036151087,0.0448588154950073,0,0.288765374861199,0.0429205988730602,0,0.0339607886509034,0,0.0305743170779766,0.00745399392318804,0.0419756333937714,0.0203689830712532,0,0.79291210680752,0.67274781966194
"111","SRC257_T2",0.0121014719097069,0.0278082643270875,0.0265944557046611,0,0.0436887527862041,0.0111704625793155,0.0144841614984846,0.0434772682079868,0.00716034025410929,0.0505057387172779,0.0259807592045595,0,0.0399204385705614,0.032760439972343,0,0.026117702115151,0,0.0349578582029506,0.121053805847855,0.325086780028276,0.00571971227798398,0,0.0507464965201417,0.076440271166416,0.0169035310796553,0.00732128902927355,0,0.683506052358803,0.73208579613797
"112","SRC258_T1",0.0189668227898396,0.0277035315099239,0.110681401133568,0,0.0179822190358068,0.0410537729914755,0.0288666829011485,0.138138198675658,0,0.0588721145587925,0.0718081879727806,0,0.0440365130119117,0.020640224947465,0,0.106566792633602,0,0.0715530924329664,0,0,0.0256083521526538,0,0.00170644595243748,0.147287319431563,0.0165506287251784,0.0519776991432284,0,0.240794441053059,0.97307303930094
"113","SRC258_T2",0.00803323519407452,0.0558027241663378,0.0132495667940068,0.0133945909074538,0.00818936234431806,0.0203004417108891,0.069937142107806,0.0860654054353915,0,0,0.0502008073566473,0.00589222613753891,0.0468261044044781,0.0965241111656098,0,0.0918467142745074,0,0.148066414695753,0.106801464049045,0,0.0674571774711904,0,0.0341625622752769,0.023333541624663,0.0161784872347834,0.0377379206502289,0,0.692891258704735,0.745503116518319
"114","SRC74_T2",0.0219240640442215,0.0205115442611277,0,0.025691041181779,0.01975914812914,0.0282367580156243,0.0292838649742185,0.0633933730079745,0,0.0435269856096762,0.055438176787279,0.0332642142181681,0.00273456571397956,0.0887654575976022,0,0.066646797470022,3.310866926163e-05,0.0838123134242275,0.221510510375843,0.0189512194498773,0.0399503013947217,0,0,0.0716266121548169,0.0348882540444286,0.030051689476011,0,0.811917751107802,0.58917805289705
"115","SRC257_T1",0.0104578703494946,0.00253868910756988,0,0.00671043421977783,0.0332483709358376,0.0140608447312575,0.0507248341416218,0.0602119266845544,0.0198441557791081,0.0826585428611611,0.0347652608153387,0.0178386435584403,0.0240430309694931,0.0641268625245683,0,0.0506719574866677,0,0.0228595723575671,0.240413970339529,0.0349746245296965,0.0745194731840565,0,0,0.103157996093627,0.0410990522411972,0.0110738870894357,0,0.687930875524947,0.730227697436352
"116","SRC259_T1",0.0148915464856316,0.0163553207328446,0.014536819957225,0.00437286058214115,0.0197117174137497,0.0125156188047198,0.0628897766935564,0.080224027483814,0.0333774408103121,0.0343222476269572,0.0506739209507367,0.0269774975483917,0.0354054356976339,0.0494319579968373,0.0203387340881534,0.0566905409268643,0,0.208021605431068,0.111581016696157,0,0.0470348772940714,0,0.0245075204933126,0.0153502391888996,0.037596033983441,0.023193243113482,0,0.629578209794336,0.784545572221479
"117","SRC259_T2",0.0279512826403561,0.0160631848821515,0.0394659579792709,0,0.0272865959535776,0.00215210327984433,0.0388452417671921,0.049049505245515,0.0326121456425845,0.108242348391168,0.0412452852377422,0,0.0250503460377682,0.0489567817793608,0,0.0119837075001371,0,0.282500417308071,0.0465136772955792,0.0353156141451612,0.00825494665131002,0,0.0933763202056862,0.0190771911703433,0.0389343798712035,0.00712296701597738,0,0.766944220211957,0.683120767662737
"118","SRC260_T1",0.00866910540905696,0.00270733330024355,0,0.0328276605425091,0.0199415883575514,0.00166296050793746,0.0728623068006111,0.0722318499277208,0.055781081253078,0.00618518550393171,0.0775655527836579,0,0.0563478782342776,0.116410978722441,0.0365201909145991,0.143164313608232,0,0.0795323694538606,0.0479404905572662,0,0.0531996732122711,0,0,0.0664124046483887,0.01458717463843,0.035449901623936,0,0.481897060893579,0.884595303141137
"119","SRC260_T2",0.0234228675110879,0,0.0015547286083416,0.029074834839547,0.0208252832320897,0,0.0444315532277018,0.0915083550099236,0.041890026579109,0.0749495363920008,0.088043196325553,0,0.0837243431386012,0.110069716516398,0,0.134592592998062,0,0.0493507996398509,0.00352315300886335,0.0162380145562435,0.0531590174820874,0,0,0.0781540011466736,0.0220237748498656,0.0334642049380001,0,0.504865213221761,0.890241193762636
"120","SRC261_T1",0.015982091828051,0.0103535869571438,0.00537423064092389,0.0141411002230508,0.0137548079764889,0.00768042241104815,0.0456324751138675,0.12820653554196,0.0192924298928642,0.0222351892872841,0.0762049616063215,0,0.0717029212263322,0.0718013340309773,0.0558297722374867,0.106162707079849,0,0.123365914324915,0.046878844350813,0,0.0287579867441701,0,0,0.0767977170536695,0.0139635103534744,0.0458814611193087,0,0.645024215408367,0.809921193118857
"121","SRC261_T2",0.0122691258674756,0.02797547027,0.0233891319304539,0,0.00988581350474237,0,0.0406685677302357,0.0828770995801518,0.0173616240686118,0.107196819688658,0.0526977698864343,0.00400586843924079,0.0267909432123186,0.0404816381988427,0,0.041062883524745,0,0.247834338091101,0.148731276142932,0,0.00860712155112107,0,0,0.0469632718124158,0.0359742521046504,0.0252269843958686,0,0.789388229552074,0.634823279663401
"122","SRC262_T1",0.0177414983186279,0.0413060325938517,0,0.00339926178170966,0.0344944283735694,0,0.0406269738675056,0.128695729346858,0.0594832112250421,0.138282274696808,0.0493154546425481,0,0.044729329165544,0.0187497884532047,0,0.0757214316163007,0,0.0872551619210183,0.0692021135705268,0.0295847280048206,0.0200182904719591,0.00844171540136777,0,0.106937464895058,0.0105293261620284,0.0154857854916507,0,0.406334125379661,0.91443491949092
"123","SRC262_T2",0.0098850152509083,0.0420200402667783,0,0.0035869627678106,0.0303747706250853,0,0.0478984695665735,0.118447010245599,0.0430486955046045,0.107051587050715,0.0434566551243156,0,0.0374004170140876,0.0233031625330744,0,0.0633680938590352,0,0.124220498048039,0.133306248647821,0.0103606585204706,0.0317950362351937,0,0,0.0911606829951289,0.0207094164550918,0.018606579289667,0,0.616246015986044,0.793019573039582
"124","SRC263_T2",0.0205968578101857,0.0699011959200118,0.0257503740720971,0,0.0254026690158294,0.00384089363610729,0.034635426357117,0.0947519618278483,0,0.0657433431356879,0.021296669326599,0,0.040185977262823,0.0574803081738035,0,0.0451595479522624,0,0.203681390157678,0.146578121071691,0,0.0293165647014605,0,0,0.0507378283008773,0.0429220990649839,0.0220187722129366,0,0.82651271695584,0.608834125041303
"125","SRC264_T1",0.0161443858267336,0.0530542606853507,0,0.0153607534952044,0.0182498136628082,0.0103827765092454,0.0602191428489699,0.120800056974602,0.0357333706119792,0.0222973087755737,0.0587701882120833,0,0.0471524859309727,0.0720719463095823,0.0166577525541546,0.11228280962058,0,0.0912286003770363,0.061098857739892,0,0.0373888401815069,0,0,0.083047249490556,0.0355315109139769,0.0325278892791922,0,0.656539298980648,0.801234481631045
"126","SRC264_T2",0.0141412686670779,0.0800718730057624,0,0.005562716530751,0.0313048310173302,0.00249961295081756,0.0609217228703575,0.101473781789122,0,0.00126198767992574,0.0339364363219916,0.0569448612079256,0.0380252415439034,0.0953436079981027,0,0.0564663771791947,0,0.175099865375314,0.0669994178211939,0,0.0378572340954404,0,0.0543018060797458,0.0442690958950848,0.0120880415666988,0.0314302204042602,0,0.830250244944594,0.681716638091041
"127","SRC265_T1",0.00808624011673939,0.0113556481040418,0,0.00015674724213932,0.0344137163660493,0.0141440815516473,0.0530519207174052,0.0763624502413425,0.013254971375007,0.0995771941900532,0.0423782514326393,0,0.0252220100987505,0.0600175975513624,0,0.0746961302253863,0,0.0772031351148584,0.190208846009992,0.0231830881887026,0.0684619992292627,0,0,0.0819247725555635,0.0267745712680061,0.0195266284210518,0,0.838690006356657,0.573380775185248
"128","SRC265_T2",0.0179447887141848,0.0207000753958516,0,0,0.0345071382330504,0.00670113771832795,0.0460662106468239,0.0382323281552921,0.00400689077938971,0.0808801279395635,0.0298927514882704,0.02615015491256,0.0192503014912026,0.100424009312353,0,0.0450706855946303,0,0.145072848877074,0.18296896219737,0.0403759868560982,0.0555767409913552,0,0,0.0562189308044972,0.0375474603854369,0.0124124695066684,0,0.898724201028972,0.500824171066851
"129","SRC266_T1",0.0142409133066229,0.0183026492983214,0.00782059256793362,0,0.0244219072183735,0.0126474828302541,0.0580440910294276,0.106712557731665,0,0.0236838095523033,0.0197818638522258,0.02451357372987,0.046739916198828,0.093191792421531,0,0.082110981274322,0,0.109314161410471,0.133845111839696,0,0.0665116694639184,0,0,0.0848453635155974,0.0406581357799035,0.0326134269787354,0,0.256076453661875,1.00902395746218
"130","SRC266_T2",0.00326114325835761,0,0.0234944700924326,0.0107176365897989,0.0261149770968795,0.026857398342625,0.0838319861855585,0.0719274705226125,0.00693568284874847,0.0112532858101942,0.0496938516104845,0.0146402888543835,0.0249947703531983,0.118785917226352,0,0.0887265382697477,0,0.0569345702243085,0.155749849732589,0.00883916562097077,0.0537723275534179,0,0,0.109955377017206,0.0244864654985959,0.0290268272915385,0,0.601270647543529,0.800145568765119
"131","SRC267_T1",0.0123747676203272,0.00836848494783449,0.0191590088192431,0,0.0195104389191866,0.00292602228865528,0.0599093690390471,0.106137844874617,0.00455619035548212,0.0461315838799694,0.0432030965794591,0,0.0418844151493081,0.084922508495539,0,0.101944159148273,0,0.138676277563648,0.142153836007012,0,0.0548924710035103,0,0,0.0560085890506724,0.0284490254041768,0.0287919108540394,0,0.64308517417135,0.769498569767134
"132","SRC267_T2",0.0140953580350205,0.0261867032497391,0.0349847239824107,0.00213861392598398,0.0211856523111256,0.0129274311392327,0.0392278536939545,0.100946830735745,0.0109160360587074,0.0593911354797895,0.0405214206711863,0.00907779657183754,0.0277499407203246,0.0447824648959427,0,0.0575097554988278,0,0.20661413359612,0.143135924313349,0,0.0257397712382757,0,0.00652670874384934,0.0616851925544708,0.0306291628486969,0.0240273897354105,0,0.474495485919679,0.892077016683387
"133","SRC268_T1",0.00436248813023725,0.00455985396517115,0.00959376423403433,0.0139585272279334,0.0281911541697616,0.0146199365331842,0.0415099132434338,0.076593348155897,0.0373633211768427,0.0108380533784725,0.0692034651429363,0.0173210249788457,0.0275310542737762,0.100121549402889,0.0587263349493449,0.0726303285908284,0,0.187892630656556,0.0810795297254465,0,0.0314595856562458,0,0.00730540187422399,0.0541172348277048,0.0277227165656287,0.0232987831406059,0,0.732782889358103,0.733156595510895
"134","SRC268_T2",0.0215966625387916,0.0143637681254058,0.0285579033225174,0,0.0202058377898645,0.0107181047853935,0.0304244121201916,0.0870876143482106,0.0101979209276515,0.0353137177522435,0.0426843684537813,0.00410312082210378,0.0380601296221164,0.0686357018406722,0,0.00017752878392731,0.0119056825903694,0.145597724875436,0.148902178318422,0.116984757777214,0.00634803013373263,0,0.0466967589758063,0.0835965203198224,0.0173955654029078,0.0104459903734183,0,0.860496098417938,0.561422538239083
"135","SRC269_T2",0.0243647616552498,0.0197901267470356,0.0214898855215116,0.0204216606470872,0.0224076990186733,0.00799347726882079,0.04640344449486,0.0813460727524315,0.00848777072581706,0.0792846896055432,0.0388559208233951,0,0.0406136931963936,0.0693615937052776,0,0.0811490779549898,0,0.122794262361617,0.160955669357153,0,0.0433903961459466,0,0,0.0490195759946876,0.0385612978552079,0.0233089241683016,0.002,0.18849771296833,1.06512416931495
"136","SRC270_T1",0.0128003814151152,0.0302163753990425,0,0.00646420153434337,0.0023781061097624,0.0109486727569538,0.0755299722907907,0.0816932361851791,0.0114488188752043,0.0623822072068604,0.0864636738918642,0,0.0503002663525968,0.116264865331111,0,0.158416115004759,0,0.0591090946094648,0.0676164302792086,0,0.0580373585914794,0,0,0.0671621814239791,0.00914204821371981,0.0336259945285652,0,0.650888001279663,0.797319153803866
"137","SRC270_T2",0.0170691088392601,0.0967186202926476,0.00930205913596,0.00975138819270471,0.00137011669584007,0.0259681827531104,0.0489250287735747,0.0743232732603645,0,0.0408842340138392,0.0575009756177852,0,0.0189782845139556,0.091727306643002,0,0.0926514159177676,0,0.042604542577139,0.160542102640986,0.0324164289468875,0.0448543153060273,0,0,0.0880885414029273,0.0225759838469118,0.0237480906293097,0,0.693805867620932,0.727580079454468
"138","SRC271_T1",0.016334011917658,0.0693707242186168,0,0.011832507029548,0.00759788168150379,0,0.0590149490490077,0.107803716862205,0.0402589971197337,0,0.0811010542862314,0,0.0659137787368474,0.0791524217346112,0,0.0957988107095435,0,0.109844945229658,0.0505019815417388,0.0417439033957627,0.0319154544965632,0,0.0333327978232774,0.0761380919281056,0,0.022343972239388,0,0.671409667457843,0.789837062307541
"139","SRC272_T1",0.00688648780675904,0.0216327958914553,0,0.0306406461909755,0.0145154101224535,0,0.0585146930777589,0.104998482169561,0.0444072594899907,0,0.0928609979495525,0,0.0787721972694476,0.10080497050215,0.0361179730304576,0.160657516298398,0,0.0731504074275557,0.0131319581421807,0,0.0498333422193074,0,0,0.0702634119575738,0,0.0428114504544224,0,0.659541232829414,0.82391372749894
"140","SRC272_T2",0.00855303413943895,0.0185197613498766,0.00122585706208607,0.00069904331427756,0.0294840295829321,0,0.05955944177679,0.116857303837669,0.026232306632303,0,0.0755785623952303,0.021360209588597,0.040339727911363,0.112734005854365,0.0496580510845488,0.13559581515857,0,0.119839318262089,0.0366136682279486,0,0.0516697867539432,0,0.0248340620869283,0.032774014483091,0.00604013173965274,0.0318318687582996,0,0.578465022790941,0.840649025007017
"141","SRC273_T2",0.0199914045831991,0.0393942827722743,0,0.0295955054583477,0.0222484619166685,0.0120885379322745,0.0315471382937913,0.0710269696601508,0.0402337676833095,0.076998165732922,0.0662670465400903,0,0.0154493344711175,0.0630000625156697,0.0131874200291656,0.0778152228298764,0,0.2599368555846,0.0419335061913232,0,0.0194464565489436,0,0.0277779818613338,0.026951659774244,0.0127611279237172,0.0323490916969805,0,0.747834029444731,0.716242472908504
"142","SRC274_T1",0.012614935969113,0.0382874448950343,0.00237963511740991,0.0118854986076931,0.0449712270832157,0,0.0426955354801703,0.0929261932620832,0.0707254033393312,0.0641618722596864,0.0417666066548182,0,0.0530223267371546,0.0283029189971386,0,0.0515337229378657,0,0.0638327315607983,0.192207406555348,0.02216034124827,0.0296257395242997,0,0,0.0775498009887939,0.0400376180666619,0.0193130407151137,0,0.723695786931835,0.695211086349944
"143","SRC275_T2",0.00896391459713652,0.0370069092736461,0.0152563134571593,0.00793316596367376,0.0240963263403756,0.00727121753964322,0.0511204666308362,0.0653281158387373,0,0.0683716119093829,0.0425626036807766,0.0122846324709267,0.0335613044248751,0.0690722042197353,0,0.0530289517796648,0,0.184830948430011,0.184554601260495,0,0.041742890643685,0,0,0.0382219783942515,0.0324465125624457,0.0223453305825416,0,0.535344350570156,0.857322593495972
"144","SRC276_T1",0.0484097520199269,0.0129341514677713,0.0946011773416266,0.00954645567475292,0.00116242905502851,0.0780704672753085,0.0647218453896799,0.152355951075776,0.00175664820842023,0,0.0915592368143973,0,0.0272960066922181,0.019890642982196,0.00990827582165769,0.134948967363113,0,0.0411945039205806,0,0.00171420218446444,0.0137608769338952,0,0,0.134151511007279,0.00471416186252829,0.0573027369093797,0,0.23282585892701,0.975736384468713
"145","SRC277_T1",0.00612563831133865,0.0253904436697836,0.0560571482549452,0,0.0235637569440686,0.0459718209571718,0.0769148835503386,0.104791309979117,0.0230308104497334,0.0424853718469354,0.0643702462134866,0,0.0354431805448263,0.0827530184216058,0,0.111652870875701,0,0.0432880918774955,0.0175476228622984,0,0.0364456034107073,0,0,0.140094748903385,0.00232174288114689,0.0617516900459149,0,0.25673785797357,0.96753502751626
"146","SRC278_T1",0.00410043843384139,0.0125426662732962,0,0.0276128590004233,0.0237823292553675,0.00881032720102088,0.0637404722026125,0.0747687950305827,0.0592018496100739,0.0406208369236184,0.0561733881527271,0,0.0447993197436517,0.0828683092320016,0.0293315667509058,0.105924444246883,0,0.109818016085804,0.0601403091564209,0.020456497419627,0.0342050051342553,0,0,0.0953828331075702,0.016267190659045,0.0294525463802709,0,0.666388961447687,0.795593393076252
"147","SRC279_T1",0.0182799106792305,0.0211608881052612,0.0173968490712396,0,0.00465531726626506,0.00379894521321562,0.0430937248499896,0.108305286335237,0.0467537215817774,0.0208339959518071,0.0892912307012088,0,0.0499914649297409,0.0949436275719596,0.0318895046775665,0.0971655788969394,0,0.145850361397481,0.0535400821652931,0.00079070617357106,0.0294034319639109,0,0,0.0523129538629383,0.0375460443934084,0.0329963742119592,0,0.580604162596751,0.835670523544585
"148","SRC279_T2",0.00799208383746013,0.0277279957493663,0.0382838477648864,0.00433928718064078,0.0222684208368221,0.0312519247701051,0.057517175858616,0.128794838649374,0,0.0296345117345315,0.042665737656476,0,0.0402405650547896,0.0654271128746174,0.00242329077077945,0.119219221634513,0,0.130903374080869,0.0689160036794986,0,0.0471669416314677,0,0,0.0743761987100982,0.0285752171948233,0.0322762503302648,0,0.377454648826472,0.92962828835441
"149","SRC360_T1",0,0.019653992443503,0.0220982674479901,0,0.0297762426810799,0.00176660910515427,0.0388965498956437,0.0923604666831515,0.0188897538334166,0.042085647184835,0.0416965637564569,0.0326460603454203,0.0362604539781055,0.030775460138339,0.0557437273313852,0,0,0.203997679199583,0.199337017570571,0,0.023218719663156,0,0,0.0523275041379265,0.0390696811350297,0.0193996034692525,0,0.87333527074491,0.522404005646014
"150","SRC360_T2",0.0173301312581212,0.0118051504232976,0.0187207055930394,0.0103385013615821,0.0287063956231598,0.0104893862503983,0.0307637348378693,0.048408704458606,0.0335999094994318,0,0.0614749585795197,0.0229626224379407,0.0456020338696049,0.0897537671014498,0.0644535116128247,0.00923031307712627,0,0.2153807883359,0.113327113992536,0.051384119288365,0.0220984826324361,0,0,0.0510299632547168,0.0297455891285709,0.013394117383503,0,0.773255606085343,0.675714310641067
"151","SRC361_T1",0.00973336690927812,0.0396904629691661,0.0122562292996409,0,0.0258281183446532,0.00910178791653988,0.0445481979711849,0.0680295196662083,0.027789934572688,0.0703290659674961,0.0453183327592237,0.0241845265035344,0.0205070922172125,0.0381161689673898,0,0,0.00299313634042718,0.236102395712423,0.215455289397409,0,0.00955054905469886,0,0,0.0303575585666927,0.0511800376622159,0.018928229201917,0,0.892297977219617,0.475786703505092
"152","SRC361_T2",0.0287344022978729,0.0932030208055722,0.0235310075756079,0,0.019257266642149,0.0026427293519093,0.0238012844857786,0.0659652654881557,0,0.0568333256106897,0.0428160882614171,0,0.0322551430947117,0.0637173046711014,0,0,0,0.276240094627565,0.0617565387980262,0.042044552997618,0.00728828311578034,0,0.0939767506482477,0,0.0460898669284803,0.0198470745993175,0,0.857438018772927,0.602075472774268
"153","SRC362_T1",0.0320008338159898,0.00652208084872003,0.126107698853169,0.0100490731893184,0.0058015283987226,0.0519782715388069,0.0192219912545072,0.141593137084088,0.0193801176695448,0.0124343849895605,0.0785172451599193,0,0.0142049489207697,0,0.0073034569811595,0.0873395288700534,0,0.0510282010695516,0.0188494114367123,0.0315517119798487,0.0148184784762886,0,0,0.219472738782386,0.00633336359073769,0.045491797090146,0.002,0.219130996965791,0.983570636133078
"154","SRC362_T2",0.0417602084692623,0.00314924057421883,0.0281803909196797,0.0246668765707658,0.0301358602738604,0.0760763419066882,0.043744279600137,0.103746138776405,0,0.0474237123891445,0.0578962090410658,0,0.0381151072058006,0.0708213783689061,0.0149955802073995,0.075829052815854,0,0.060895516320921,0.0320391372340032,0,0.0240051854619301,0.0148119539888536,0,0.135870647591111,0.0405931617369206,0.0352440205470732,0.004,0.161602649144465,0.998951906283782
"155","SRC363_T1",0.00457255162473533,0.0122001241020208,0.0480029921314951,0.00305388094627768,0.0190457426623479,0.0231416318697225,0.0694457659220398,0.11310889110504,0.0135884159282782,0.0124090212761827,0.0439320482674,0.00808283832970562,0.0370631109266459,0.057058190989694,0.0199410915231189,0.071180872878878,0,0.186388849390328,0.0453242148532721,0.0529667997493855,0.0478126576465043,0,0.0128206185386241,0.0425952608458885,0.0268274238121639,0.0294370046802513,0,0.712684760644064,0.750263241246474
"156","SRC363_T2",0.0123547128729652,0.0124397509704259,0.0356113219062674,0,0.0309979387485538,0.0113196395521079,0.0224166985159794,0.0566265226235096,0.0321947646867614,0.072979185455752,0.0247899273641377,0.00286644207071922,0.0332068933530549,0.0372029077035659,0,0,0,0.187300313354542,0.061864226122121,0.221324491671247,0.00835475900375144,0,0.0474104334191835,0.0600123841391594,0.0258817504499832,0.00284493601621251,0,0.851411372480645,0.565165049970515
"157","SRC364_T2",0.00470451042420623,0.0591775881376505,0.00945810179818493,0.0269180743225626,0.0213210855165926,0,0.053970821609618,0.0397891820178211,0.0225890380048878,0.0131995422989858,0.0482335645282032,0.0386524447297086,0.0419048047263626,0.092059144859987,0,0.0450008509556375,0.00195574599240448,0.171631633844707,0.160000622972689,0,0.0488663759326815,0,0.026645933074762,0.0107407054271912,0.0398385247007528,0.0233417041244036,0,0.861535672803511,0.569744563488185
"158","SRC365_T1",0.0177707815423355,0.0114327913222704,0.0314133688088629,0,0.0224558565051526,0.0142741020985041,0.044624769805501,0.0875647139319228,0.0305098118573637,0.0404924611228505,0.0453826531950627,0.043409283679847,0.0183591105478982,0.049004346693538,0,0.0527466012328502,0,0.0915343064173758,0.218000671792531,0.0267148781799842,0.0367405905875441,0,0,0.0758819649770838,0.0235822465624389,0.0181046891390826,0,0.620755417237533,0.791245962962473
"159","SRC374_T1",0.00817843159091307,0.0444313258199243,0.0304366468062344,0,0.0155093720407549,0.0128572939870983,0.0675522855737251,0.124531897177117,0,0,0.0377599072363101,0.00762409050861179,0.0575000193057601,0.0805944258945678,0.0123666683476508,0.111203181198298,0,0.154800031782693,0.065960147245439,0,0.0551871236941736,0,0,0.048316932482865,0.0247672300259844,0.0404229892818795,0,0.646179033536018,0.791997461517957
"160","SRC253_T1",0.038748445487721,0,0.00931695513180919,0.0144341817180383,0.0121339585119244,0.00769606277381336,0.0202957010576431,0.139355861112848,0.0198486715010368,0.048830585663253,0.0761210357172767,0,0.0395457226670752,0.0713570123414044,0.140634062425735,0.105459183691445,0,0.0786623851029833,0.00783031649085161,0,0.0410448304320243,0.00296304123067493,0,0.0672665427860977,0.0325303411198143,0.0259251030365298,0,0.341527114431345,0.94138050380173
"161","SRC255_T2",0.0147107478881242,0.0470039675055401,0,0,0.0331583144088256,0.00181876162718004,0.0428311651510634,0.0746464996989676,0.00470416741120814,0.0703783668169878,0.0345288117841762,0.035153390196673,0.0347899916381138,0.0479693856427488,0,0.0588256105565256,0,0.0963281732098833,0.181197089106547,0.0642686797821285,0.034826279017234,0,0,0.0914467166086467,0.0169539313900985,0.0144599505593277,0,0.855305419449429,0.557769546628574
"162","SRC447_T1",0.0116215074820066,0.00985988421205677,0.0104931704576162,0.0129890939196839,0.0162387928545567,0.0146345951833459,0.0528450522608474,0.0748065383072039,0.00586915152589364,0.101457277479307,0.039056005003888,0,0.042193988485797,0.0406703233369461,0,0.0654679950056,0,0.0829303831178229,0.223785945370449,0.0413962267491574,0.0292165858284163,0,0,0.079765255811806,0.0343699145064259,0.0103323131011741,0,0.81661390029772,0.581641839876573
"163","SRC449_T1",0.00523433576471751,0.0103603330849004,0,0.00834199236534653,0.00493436180552622,0.0177700370872226,0.0837633621589029,0.0942572830277434,0.0486324430355015,0,0.0957005894404499,0,0.0314422761604657,0.108513861790839,0.0859020257177736,0.124211071947166,0,0.103198941801955,0.0197177489168088,0.00527101017061074,0.0505781771525113,0,0.00821523374666733,0.0351184651146529,0.0219281932027196,0.0369082565075186,0,0.518060595174327,0.877642659582874
"164","SRC450_T1",0.00459950593357524,0.0230770655968887,0.0260771182424205,0,0.0235987317730042,0.0148636005285035,0.044313509705822,0.0874732836138027,0.0317810357734408,0.058235741064454,0.0428382006479179,0.0403025855318381,0.0263429261329631,0.0425209262394645,0.0100966967140312,0.0428161295656841,0,0.184487155514653,0.161180269521163,0,0.0287081014497819,0,0,0.0398974104107548,0.0402897886910348,0.026500217348802,0,0.443615062855927,0.912770045012245
"165","SRC451_T2",0.0103845490921247,0.0232535618911758,0.0358518845661172,0,0.0287106820869347,0.0119246143069735,0.0321556881954276,0.0467169066777368,0.0277173925724762,0.0951604724306304,0.0320510232213594,0.00570492184821051,0.019661600380898,0.0492055956063149,0,0.0443491189996645,0,0.0526487738954362,0.310819664211634,0.0205241498281187,0.0242072372310953,0,0,0.0900655555407587,0.0289734250940426,0.00991318232287014,0,0.91256693942801,0.411321641439619
"166","SRC453_T1",0.0273888160668603,0.0159712576081436,0.0255142146610882,0.00098761012092232,0.0314694951263562,0,0.0457464235181505,0.100105469238969,0.0356673114906863,0.0585630237893751,0.0683400251475513,0.0106482414629928,0.0323016738588577,0.0721873440757879,0.0330390641578413,0.107849799072904,0,0.11046532359818,0.0645833478821537,0,0.0634445728728192,0,0.00246165219410715,0.0431683330279341,0.023363113169698,0.0267338878586217,0,0.237262117309226,0.98354707350611
"167","SRC455_T1",0.00823262983856198,0.00467336132501146,0,0,0.0231313347284471,0.0171832871982509,0.0618041910120503,0.050317629710129,0.0245509901905587,0.103855056663854,0.0536100866782393,0,0.0309225026391723,0.0510947716875535,0,0.0708951145834556,0,0.102627031475951,0.15138659014673,0.0657409946003899,0.0357351312258811,0,0,0.0960853478276515,0.035402455489963,0.0127514929781496,0,0.699413476576578,0.723784117957086
"168","SRC456_T2",0.0194015649513196,0.0766459064158462,0.0139081638390113,0.0173334760943358,0.0328272950101976,0,0.0283315179048012,0.0841732487047123,0.0352300152555749,0,0.0447312722712024,0,0.0384315294811801,0.0672568744829748,0.0268691582882612,0.066467406797025,0,0.179483269786951,0.0234347043435191,0.0873520282545407,0.0240932462733186,0,0.0727302917353938,0.022861791063611,0.0132968903829849,0.0251403486632386,0,0.680547430789025,0.767527675485712
"169","SRC457_T1",0,0.0123363488944936,0.00654980560264152,0.0199610480014633,0.0306315774498493,0.0205036352025688,0.0376756586523189,0.0529912081260819,0.0413107356060636,0.0350057158888437,0.0343322404978013,0.0200668419463446,0.0278540636129241,0.0668708680327442,0.046156997162715,0.0692006747215742,0,0.128445619827946,0.0375514370582532,0.146833421369332,0.0272328384660663,0,0.0200573422065284,0.0726128484907399,0.0197161459685397,0.0261029272141666,0,0.665835482163424,0.771307793993298
"170","SRC458_T1",0.00823325389647623,0.0277209846359327,0.0537597632622908,0,0.0160413410196248,0.00676205878326242,0.0379830824122761,0.104531642250615,0.0180914464764528,0.0149913191248889,0.0691559074089785,0,0.0611851362265477,0.0628842923829768,0,0.115663771715424,0,0.145892391926269,0.114959459671398,0,0.0370792350237227,0,0.0220897519068154,0.037433375032944,0.00939754017839527,0.0361442466647085,0,0.721475663507225,0.718107825317316
"171","SRC459_T2",0.0061745737857517,0.0523869028581736,0,0.0121198088808134,0.0202525442387884,0.00083592228788875,0.0629613353815063,0.0909063414214066,0,0.00467520338526421,0.0480904806878322,0,0.0630661541978156,0.105644776464766,0,0.089259979461403,0,0.153653924184151,0.109018510427757,0,0.0514526652663016,0,0,0.0685440839843443,0.0225669471601761,0.0383898459258606,0,0.664357596629878,0.764689982629756
"172","SRC462_T1",0.00923555739709911,0.0261810099902137,0,0.00437371613682893,0.0198639366805685,0.0052196384864262,0.0463193224264374,0.0701555881991328,0.0073813303572685,0.0601871640321917,0.0492765664558132,0.0564006945498479,0.0306684643172669,0.0725096729144007,0.00928945588243001,0.03694474916384,0.00247439831007126,0.060869338087846,0.249358557159146,0.0004051889868596,0.0352249729418623,0,0,0.0661894686585132,0.0509154002274017,0.0305558086385346,0,0.787046647622668,0.617125337163909
"173","SRC463_T1",0.0134510353033485,0.0149739561583883,0,0.00592278383640592,0.0250305858899577,0.00781647223939947,0.0473149316327187,0.0580421548399158,0,0,0.0377229037567823,0.0228597888302958,0.0322930228770919,0.128166353192147,0,0.036834577993106,0,0.0802353843234846,0.222276855119466,0.00449904940713319,0.0609086292730458,0,0,0.101174355007921,0.0719430962032113,0.0285340641161807,0,0.894178527684291,0.480467458423587
"174","SRC464_T1",0.00213891156686001,0.00172423710727208,0.0296469375347265,0.00441478360089471,0.0286960388233019,0.014652561675985,0.0439075948071693,0.0997340740529836,0.0406107414419731,0.0672347016477192,0.068818373271515,0.0019013759920246,0.0162152213033734,0.0266339464324843,0.0153577502734343,0.0735868368401179,0,0.0771254840199376,0.227680642008313,0,0.0283542985794601,0,0,0.0733410011242221,0.0403913232401027,0.0178331646561298,0,0.79831004785932,0.604439483534902
"175","SRC245_T1",0.00646291797589308,0.0990204422277011,0,0.012808883161654,0.0134594359843837,0,0.0525988321722727,0.076667291250745,0,0,0.066366621557658,0,0.0687455039277995,0.114691084165753,0.00512238849922732,0.106143083760289,0,0.151144152389654,0.0633484386473913,0,0.0649890872553414,0,0,0.0407051565609562,0.0179250424848521,0.0398016379784286,0,0.542232935849393,0.849281370270752
"176","SRC247_T2",0.00699409659895833,0.0433509148280264,0.0483626540521768,0,0.0154967134910405,0.015643890895977,0.0658833303421188,0.108821268325698,0.00555437019348735,0,0.0403666812072624,0,0.0410773918581437,0.0621969277829816,0.0323871217070048,0.0797248013660255,0,0.230281047684154,0.0330835079809621,0,0.0675924775216625,0,0,0.024944896955714,0.0359006401002939,0.0423372671083121,0,0.500816221121921,0.869604594618155
"177","SRC364_T1",0.00090417416978958,0.0579247845327352,0.027977021758966,0.0106154587840403,0.0158483090707618,0.00932232592751124,0.0704101989215201,0.119974974619538,0.0196821690490854,0.0150363642545829,0.0589048301818405,0.0440820698235012,0.0220738314299362,0.0426663967298435,0.0219495659291921,0.0891263342477346,0,0.109523928984294,0.0828335664072011,0,0.0636473837939583,0,0.00421112141214611,0.0419629116524602,0.0229388870436327,0.0483833912757295,0,0.480439461996231,0.879569314423224
"178","SRC447_T2",0.0318496672381648,0.118586240080899,0.041411052646668,0,0.0208501538685037,0.014808213380261,0.0333535041463503,0.0638223525587123,0,0.0682956735334456,0.0224704403499693,0.00450795426369173,0.0154057782557256,0.0925360392618509,0,0,0,0.220233201809587,0.144132415603496,0.0150737484581885,0.0093405156791538,0,0,0.0269859334199356,0.0458817343117783,0.0104553811336178,0,0.852613302899118,0.588531719570339
"179","SRC449_T2",0.017987592351407,0.0252816918793984,0.00232484278574736,0.00108702565485734,0.017386897665843,0.00903861273236784,0.049587817539807,0.100137165957384,0,0.0500721739399386,0.0500764710649766,0,0.0504319787661588,0.0897587884246779,0,0.0740433660129749,0,0.136247542792,0.14709880135922,0,0.037562718087735,0,0,0.0762430449266305,0.0396936844619263,0.0259397835969504,0,0.28138136221386,1.00572179703439
"180","SRC451_T1",0.00287219460702361,0.0504244094002418,0.00641721747064486,0.0107540520655731,0.0353267633024736,0.00048981701631065,0.0378580659738936,0.0689825461315056,0.0239160406684976,0.0988524733428142,0.0387212992391443,0.013088465388471,0.00350254171073167,0.061022485541006,0,0.0411454311776353,0,0.0659209749487548,0.259122451829412,0.031041194741705,0.0246118352610279,0,0,0.0883032331563052,0.0257589420633664,0.0118675649634616,0,0.88816500948821,0.464974264917715
"181","SRC454_T1",0.013220476005696,0.0170629366959406,0.0213064218222918,0,0.0348745851767854,0.0235481642636515,0.0673878598107502,0.128853731995567,0.0370018610479953,0.063539960119142,0.0864833407703838,0.0127176778029278,0.0166855735624022,0.0358228107311876,0.0201591961043561,0.0925874818655341,0,0.144756164828117,0.023039558701923,0,0.032515075615099,0,0,0.0663820860966153,0.0303786452836615,0.0316763916999732,0,0.642702791445567,0.819563566631447
"182","SRC454_T2",0.0251795863340075,0.0123986489518349,0.0823155144867441,0,0.0125579226461839,0.051336783067058,0.0266385217952476,0.152562949838379,0.0292236489664581,0.0454105705733052,0.0704017520096248,0,0.00878919918873381,0,0.0384766164663643,0.122020388528192,0,0.0527482954133323,0,0.0301933666283812,0.014781622841255,0.0367039506841422,0,0.1583398270515,0,0.0299208345292559,0.002,0.203286717091384,0.985668787791558
"183","SRC456_T1",0.0164910252329957,0.0149111497835025,0.00665505940938608,0,0.0300417400202122,0.0127760916990977,0.0526843262051913,0.0110896700666986,0,0.020334014809531,0.0211157322336799,0.0561852928794297,0.0225829354851594,0.133473340347916,0,0.029129087992663,0.034019670912979,0.0662191375264406,0.317219945413849,0.0104967323159105,0.0172706429635298,0,0,0.0519755123354977,0.0497321075807593,0.0255967847855712,0,0.810805847785786,0.606096463441467
"184","SRC457_T2",0.00844152182886717,0.0545816150818509,0,0.0205536642365123,0.013976903084591,0.0236359773759331,0.0430548797302036,0.0498777003793244,0.0101382299447138,0,0.0516058665339558,0,0.0389556417774049,0.108654101549529,0.0647911504162209,0.0726274204464639,0,0.15269741528349,0.0569846271501109,0.0656779523449428,0.0313525601998554,0,0.035466217914136,0.0661257955724319,0.00449475815224822,0.0263060009972141,0,0.687153949011805,0.767133660531861
"185","SRC459_T1",0.00889275871458996,0.033073506486671,0,0.0105231314517705,0.0212924943532339,0,0.0471104328615571,0.0469565681494629,0.0417476905748081,0.0398247903974886,0.063647809613951,0.013229852731858,0.0355565357553947,0.0987849135296734,0,0.0702512214260815,0,0.145567216384642,0.161259688275412,0.00603287475531025,0.017583644132569,0,0,0.080317000286128,0.0328078301741882,0.02554003994521,0,0.695335804546043,0.724745208942278
"186","SRC520_T1",0.00223437348929609,0.0254510830461451,0.0109247932248697,0,0.0213429899557448,0,0.0631617778833829,0.0736614368420123,0.0623140221566267,0.0519638288137873,0.0692048940683985,0,0.0583445680725905,0.0652456699455403,0,0.122983443189488,0,0.102575272669128,0.108852182024142,0,0.0520611898334707,0,0.0146134997619475,0.0337354947994798,0.0147995629230133,0.0465299173009357,0,0.665231223163706,0.766940950246591
"187","SRC522_T1",0.00279609859795783,0.00919898572424497,0.00423146272578145,0.0309492277441841,0.0252338810154927,0.010565396728066,0.0599752327780684,0.0296387846027301,0,0,0.0419507767178921,0,0.0616017982983741,0.140006619150582,0,0.0691045276554244,0.0110751558018772,0.0645068146783959,0.236072122144574,0.00181703987433812,0.0507986231690044,0,0,0.0928644115320373,0.027352229674841,0.0302608113861337,0,0.881924388278166,0.484261350730096
"188","SRC523_T1",0.0149477068519123,0.0239485727327935,0.0189640057468313,0.00037105712464783,0.00550942440959814,0.0269341846142894,0.064111484947136,0.158471944510328,0,0,0.0529512332741988,0.0214518161799382,0.0379960727220868,0.0591140694659172,0.0171752043968226,0.113269939785999,0,0.194354350529121,0.0230722783741703,0,0.047749451460061,0,0.0189475752487685,0.04055769000291,0.0218008974460911,0.0383010401763785,0,0.727495498882078,0.751194060439293
"189","SRC523_T2",0.0199105366768275,0.0243649592470571,0,0.0267530493202314,0.027734785624906,0.0100496992072017,0.0706586375606421,0.0595573404880572,0.00318238359534026,0.00405885975944522,0.0429345732007559,0.0101610403292784,0.0529737274048983,0.11069461940755,0,0.115452661590773,0,0.188376419750343,0.0326935750901757,0.0169653752967732,0.0448812926720127,0,0.0643421240175352,0.0264680456577064,0.0199292313631571,0.0278570627393327,0,0.715061376906842,0.754756059275238
"190","SRC524_T1",0.0141357064593994,0.0353142166786617,0.0100050302679536,0,0.0265871241378543,0.00207859058453767,0.0849310425982542,0.0724802694439876,0.0248566127886792,0.00200097054808877,0.0493347177692267,0.0327709673922451,0.0573239299996897,0.0980581197220029,0,0.0580264977861789,0,0.187190164596166,0.0771765979951463,0,0.0572553750154373,0,0.0390243756949843,0.0176401346323882,0.0206314920671041,0.0331780638220137,0,0.686794323168869,0.764539542310603
"191","SRC525_T1",0.0053312593188841,0.0155642525562636,0.0271629533489437,0,0.0260302136662943,0.00419984459889996,0.0427728148755651,0.0841293698359411,0.0400459661594013,0.0446526671622453,0.062573745223593,0.0323935834199664,0.0359346833650752,0.0464927716546102,0,0.0450136430425817,0,0.133116004990754,0.219081712299571,0,0.0338352223786488,0,0,0.0544123171202403,0.0188816767079714,0.0283752982745498,0,0.745212272928667,0.667898200700123
"192","SRC526_T1",0.0181362719747385,0.0135170958627024,0.0196553184238925,0,0.026501935488648,0.0132010468837474,0.035080061655147,0.0617086318040058,0.0530588606537617,0.0708949667498223,0.0575519069864838,0.00634333886065028,0.0187444245481738,0.0559485138819867,0,0.0180364983383545,0,0.123696821271769,0.268125372354652,0.0158570329102725,0.0137992673156607,0,0,0.0606767857433095,0.034868095900416,0.0145977523918065,0,0.896445121532167,0.447524232720556
"193","SRC527_T1",0.0179340267906441,0.0157565795558601,0.00450158670016359,0,0.0289983001397414,0.0193353219819133,0.0671359415332645,0.0454901264961678,0.0217409003635369,0.0278001277662001,0.0360755338529086,0.0530829023384147,0.0174630329968926,0.175652197078861,0.0176904625602076,0.098272660498432,0,0.100244158708797,0.101187930764649,0,0.0308154576346336,0,0.0295775937146853,0.0424325059760913,0.0194294772428387,0.0293831753050961,0,0.560913451159291,0.834170990834929
"194","SRC528_T1",0.0024828615942078,0.0185280811355965,0.0400993649250983,0,0.0279641786982884,0.0180345984475426,0.0769497021862854,0.135513109601032,0,0.0281110659776384,0.0429069077308305,0,0.041719956517933,0.0512261035782754,0.0116935649548064,0.0940652895000326,0,0.194266605707284,0.0412207400336334,0,0.0565680566237619,0,0.0474100201144607,0.0161062503779223,0.0201505677691069,0.0349829745262625,0,0.61698752067685,0.809636240810835
"195","SRC529_T1",0.00429279474362411,0.0171660933988474,0.0462643917024425,0.00617231025494004,0.0186292813875325,0.00515615794141688,0.0562508190014291,0.109264992569741,0.0785925467352033,0,0.0776328361988775,0,0.0477614232968565,0.0456382406985462,0.0444545783513355,0.0964151934211633,0,0.15772095223718,0.0395279075266388,0,0.0406220697857983,0,0,0.0629518366959946,0.0135812516834924,0.0319043223689401,0,0.453661480474282,0.895012525839575
"196","SRC532_T1",0.00437093325581313,0.00380572331711583,0,0.00411794131228582,0.0258917755497677,0.0134399238292967,0.0525272224258305,0.0422185781124696,0.0167909830108999,0.0286721492322654,0.0591686646760637,0.0285661717255412,0.0226776563401597,0.106943701668983,0,0.0303339344919309,0,0.0717483617041767,0.253367345332214,0.0652897796657118,0.0165815017802058,0,0,0.109140586837629,0.0339221046354726,0.0104249610961672,0,0.847155471528013,0.533673896360149
"197","SRC533_T1",0.00697910763042872,0.0552200031037804,0.0297976083058986,0,0.0210296801336024,0.00841712884898646,0.0539827891804741,0.111084791263519,0,0.0595366273135478,0.0446127587045579,0.00237434474782641,0.0451644522215387,0.0555043929664785,0,0.0866250468421156,0,0.144417628021825,0.0984264154522328,0,0.0580793447108787,0,0.0136420739792584,0.0348671283422514,0.0253525738876609,0.0448861043431389,0,0.496302115630083,0.869423510368933
"198","SRC534_T1",0.0123698994256472,0.00986706769999305,0.0291990317785564,0.00208051973826271,0.0152183304597858,0,0.0418317940688567,0.0905759346343843,0.0427641061316323,0,0.109497584904323,0.00708206702944756,0.0391123171845065,0.110792804330808,0.0480807454116649,0.112183036595981,0,0.0357655606450142,0.0828859022472136,0,0.0635241894709239,0,0,0.0851071503080341,0.0261937368738915,0.0358682210610728,0,0.553643531190678,0.846097750927841
"199","SRC535_T1",0,0.0221087365318431,0.0181990455758263,0.013220449227801,0.0316741260916229,0.0162655123932693,0.0291590368009481,0.0853591178961714,0.0345734752717033,0.070371259877604,0.061479229463285,0,0.023523920691004,0.0444855066780836,0.0138146236033773,0.0628001340305356,0,0.0811211220577941,0.223683179853236,0.00420957980458279,0.0286117071084269,0,0,0.0825746273539227,0.0286951280206125,0.0240704816683505,0,0.742041029305913,0.670855157924367
"200","SRC536_T1",0.00617303159379782,0,0,0.0292682919315593,0.0274529447754399,0.0290507083876513,0.0763122623227698,0.0741604934425759,0.0298009432912776,0.0121492302236776,0.0616802461448312,0.00944167738224556,0.00994715855066349,0.12598505449687,0.0178101776977203,0.0860918584390826,0,0.0369511798574537,0.152929098383517,0.0100047487773507,0.0477551048520366,0,0,0.094272348677924,0.0263255263465588,0.0364379144249968,0,0.64373990502763,0.770330343521189
